CCCRRRAAA;TECH_GROUP;SUBTECH_GROUP;Value
DK1;SOLARPV;RG1;21560.25
DK1;SOLARPV;RG2;21560.25
DK1;SOLARPV;RG3;0
ES;WINDTURBINE_ONSHORE;RG3;100500
ES;WINDTURBINE_ONSHORE;RG2;50000
PL;WINDTURBINE_ONSHORE;RG3;75000
DK1;WINDTURBINE_OFFSHORE;RG1_OFF1;240
DK1;WINDTURBINE_OFFSHORE;RG2_OFF1;70000
DK1;WINDTURBINE_OFFSHORE;RG1_OFF2;0
DK1;WINDTURBINE_OFFSHORE;RG2_OFF2;0
DK1;WINDTURBINE_OFFSHORE;RG3_OFF2;0
DK1;WINDTURBINE_OFFSHORE;RG1_OFF3;0
DK1;WINDTURBINE_OFFSHORE;RG2_OFF3;0
DK1;WINDTURBINE_OFFSHORE;RG3_OFF3;0
DK1;WINDTURBINE_OFFSHORE;RG1_OFF4;0
DK1;WINDTURBINE_OFFSHORE;RG2_OFF4;0
DK1;WINDTURBINE_OFFSHORE;RG3_OFF4;0
DK1;WINDTURBINE_OFFSHORE;RG1_OFF5;0
DK1;WINDTURBINE_OFFSHORE;RG2_OFF5;0
DK1;WINDTURBINE_OFFSHORE;RG3_OFF5;0
DK2;SOLARPV;RG1;12936.15
DK2;SOLARPV;RG2;12936.15
DK2;SOLARPV;RG3;0
UK;WINDTURBINE_ONSHORE;RG3;60000
PL;WINDTURBINE_ONSHORE;RG2;60000
TR;WINDTURBINE_ONSHORE;RG3;57000
DK2;WINDTURBINE_OFFSHORE;RG1_OFF1;200
DK2;WINDTURBINE_OFFSHORE;RG2_OFF1;15000
DK2;WINDTURBINE_OFFSHORE;RG3_OFF1;0
DK2;WINDTURBINE_OFFSHORE;RG1_OFF2;0
DK2;WINDTURBINE_OFFSHORE;RG2_OFF2;0
DK2;WINDTURBINE_OFFSHORE;RG3_OFF2;0
DK2;WINDTURBINE_OFFSHORE;RG1_OFF3;0
DK2;WINDTURBINE_OFFSHORE;RG2_OFF3;0
DK2;WINDTURBINE_OFFSHORE;RG3_OFF3;0
DK2;WINDTURBINE_OFFSHORE;RG1_OFF4;0
DK2;WINDTURBINE_OFFSHORE;RG2_OFF4;0
DK2;WINDTURBINE_OFFSHORE;RG3_OFF4;0
DK2;WINDTURBINE_OFFSHORE;RG1_OFF5;0
DK2;WINDTURBINE_OFFSHORE;RG2_OFF5;0
DK2;WINDTURBINE_OFFSHORE;RG3_OFF5;0
FIN;SOLARPV;RG1;14694.375
FIN;SOLARPV;RG2;14694.375
FIN;SOLARPV;RG3;0
ES;WINDTURBINE_ONSHORE;RG1;53500
FR;WINDTURBINE_ONSHORE;RG3;50600
UK;WINDTURBINE_ONSHORE;RG2;48000
FIN;WINDTURBINE_OFFSHORE;RG1_OFF1;0
FIN;WINDTURBINE_OFFSHORE;RG2_OFF1;34600
FIN;WINDTURBINE_OFFSHORE;RG3_OFF1;0
FIN;WINDTURBINE_OFFSHORE;RG1_OFF2;0
FIN;WINDTURBINE_OFFSHORE;RG2_OFF2;0
FIN;WINDTURBINE_OFFSHORE;RG3_OFF2;0
FIN;WINDTURBINE_OFFSHORE;RG1_OFF3;0
FIN;WINDTURBINE_OFFSHORE;RG2_OFF3;0
FIN;WINDTURBINE_OFFSHORE;RG3_OFF3;0
FIN;WINDTURBINE_OFFSHORE;RG1_OFF4;0
FIN;WINDTURBINE_OFFSHORE;RG2_OFF4;0
FIN;WINDTURBINE_OFFSHORE;RG3_OFF4;0
FIN;WINDTURBINE_OFFSHORE;RG1_OFF5;0
FIN;WINDTURBINE_OFFSHORE;RG2_OFF5;0
FIN;WINDTURBINE_OFFSHORE;RG3_OFF5;0
DE4-E;SOLARPV;RG1;59768.3025
DE4-E;SOLARPV;RG2;59768.3025
DE4-E;SOLARPV;RG3;0
TR;WINDTURBINE_ONSHORE;RG2;45600
FR;WINDTURBINE_ONSHORE;RG2;40480
IE;WINDTURBINE_ONSHORE;RG3;26794.54886
DE4-E;WINDTURBINE_OFFSHORE;RG1_OFF1;0
DE4-E;WINDTURBINE_OFFSHORE;RG2_OFF1;300
DE4-E;WINDTURBINE_OFFSHORE;RG3_OFF1;16281
DE4-E;WINDTURBINE_OFFSHORE;RG1_OFF2;0
DE4-E;WINDTURBINE_OFFSHORE;RG2_OFF2;0
DE4-E;WINDTURBINE_OFFSHORE;RG3_OFF2;0
DE4-E;WINDTURBINE_OFFSHORE;RG1_OFF3;0
DE4-E;WINDTURBINE_OFFSHORE;RG2_OFF3;0
DE4-E;WINDTURBINE_OFFSHORE;RG3_OFF3;0
DE4-E;WINDTURBINE_OFFSHORE;RG1_OFF4;0
DE4-E;WINDTURBINE_OFFSHORE;RG2_OFF4;0
DE4-E;WINDTURBINE_OFFSHORE;RG3_OFF4;0
DE4-E;WINDTURBINE_OFFSHORE;RG1_OFF5;0
DE4-E;WINDTURBINE_OFFSHORE;RG2_OFF5;0
DE4-E;WINDTURBINE_OFFSHORE;RG3_OFF5;0
DE4-N;SOLARPV;RG1;19922.7675
DE4-N;SOLARPV;RG2;19922.7675
DE4-N;SOLARPV;RG3;0
IT;WINDTURBINE_ONSHORE;RG3;19346
DE4-E;WINDTURBINE_ONSHORE;RG3;16370.39155
DE4-W;WINDTURBINE_ONSHORE;RG3;16044.72063
DE4-S;SOLARPV;RG1;59768.3025
DE4-S;SOLARPV;RG2;59768.3025
DE4-S;SOLARPV;RG3;0
IT;WINDTURBINE_ONSHORE;RG2;15476.8
IE;WINDTURBINE_ONSHORE;RG2;15435.63909
PL;WINDTURBINE_ONSHORE;RG1;15000
DE4-W;SOLARPV;RG1;59768.3025
DE4-W;SOLARPV;RG2;59768.3025
DE4-W;SOLARPV;RG3;0
DE4-S;WINDTURBINE_ONSHORE;RG3;14546.6344
DE4-E;WINDTURBINE_ONSHORE;RG2;13096.31324
DE4-W;WINDTURBINE_ONSHORE;RG2;12835.77651
DE4-W;WINDTURBINE_OFFSHORE;RG1_OFF1;200
DE4-W;WINDTURBINE_OFFSHORE;RG2_OFF1;58619
DE4-W;WINDTURBINE_OFFSHORE;RG1_OFF2;0
DE4-W;WINDTURBINE_OFFSHORE;RG2_OFF2;0
DE4-W;WINDTURBINE_OFFSHORE;RG3_OFF2;0
DE4-W;WINDTURBINE_OFFSHORE;RG1_OFF3;0
DE4-W;WINDTURBINE_OFFSHORE;RG2_OFF3;0
DE4-W;WINDTURBINE_OFFSHORE;RG3_OFF3;0
DE4-W;WINDTURBINE_OFFSHORE;RG1_OFF4;0
DE4-W;WINDTURBINE_OFFSHORE;RG2_OFF4;0
DE4-W;WINDTURBINE_OFFSHORE;RG3_OFF4;0
DE4-W;WINDTURBINE_OFFSHORE;RG1_OFF5;0
DE4-W;WINDTURBINE_OFFSHORE;RG2_OFF5;0
DE4-W;WINDTURBINE_OFFSHORE;RG3_OFF5;0
NL;SOLARPV;RG1;24036.3
NL;SOLARPV;RG2;24036.3
NL;SOLARPV;RG3;0
UK;WINDTURBINE_ONSHORE;RG1;12000
PT;WINDTURBINE_ONSHORE;RG3;12000
LV;WINDTURBINE_ONSHORE;RG3;11650
NL;WINDTURBINE_OFFSHORE;RG1_OFF1;0
NL;WINDTURBINE_OFFSHORE;RG2_OFF1;631
NL;WINDTURBINE_OFFSHORE;RG3_OFF1;0
NL;WINDTURBINE_OFFSHORE;RG1_OFF2;0
NL;WINDTURBINE_OFFSHORE;RG2_OFF2;67700
NL;WINDTURBINE_OFFSHORE;RG1_OFF3;0
NL;WINDTURBINE_OFFSHORE;RG2_OFF3;0
NL;WINDTURBINE_OFFSHORE;RG3_OFF3;0
NL;WINDTURBINE_OFFSHORE;RG1_OFF4;0
NL;WINDTURBINE_OFFSHORE;RG2_OFF4;0
NL;WINDTURBINE_OFFSHORE;RG3_OFF4;0
NL;WINDTURBINE_OFFSHORE;RG1_OFF5;0
NL;WINDTURBINE_OFFSHORE;RG2_OFF5;0
NL;WINDTURBINE_OFFSHORE;RG3_OFF5;0
NO1;SOLARPV;RG1;2329.130033
NO1;SOLARPV;RG2;2329.130033
NO1;SOLARPV;RG3;0
DE4-S;WINDTURBINE_ONSHORE;RG2;11637.30752
TR;WINDTURBINE_ONSHORE;RG1;11400
LT;WINDTURBINE_ONSHORE;RG3;10700
NO1;WINDTURBINE_OFFSHORE;RG1_OFF1;0
NO1;WINDTURBINE_OFFSHORE;RG2_OFF1;0
NO1;WINDTURBINE_OFFSHORE;RG3_OFF1;0
NO1;WINDTURBINE_OFFSHORE;RG1_OFF2;0
NO1;WINDTURBINE_OFFSHORE;RG2_OFF2;0
NO1;WINDTURBINE_OFFSHORE;RG3_OFF2;0
NO1;WINDTURBINE_OFFSHORE;RG1_OFF3;0
NO1;WINDTURBINE_OFFSHORE;RG2_OFF3;0
NO1;WINDTURBINE_OFFSHORE;RG3_OFF3;0
NO1;WINDTURBINE_OFFSHORE;RG1_OFF4;0
NO1;WINDTURBINE_OFFSHORE;RG2_OFF4;0
NO1;WINDTURBINE_OFFSHORE;RG3_OFF4;0
NO1;WINDTURBINE_OFFSHORE;RG1_OFF5;0
NO1;WINDTURBINE_OFFSHORE;RG2_OFF5;0
NO1;WINDTURBINE_OFFSHORE;RG3_OFF5;0
NO2;SOLARPV;RG1;2329.130033
NO2;SOLARPV;RG2;2329.130033
NO2;SOLARPV;RG3;0
RO;WINDTURBINE_ONSHORE;RG3;10200
FR;WINDTURBINE_ONSHORE;RG1;10120
PT;WINDTURBINE_ONSHORE;RG2;9600
NO2;WINDTURBINE_OFFSHORE;RG1_OFF1;0
NO2;WINDTURBINE_OFFSHORE;RG2_OFF1;9355
NO2;WINDTURBINE_OFFSHORE;RG1_OFF2;0
NO2;WINDTURBINE_OFFSHORE;RG2_OFF2;0
NO2;WINDTURBINE_OFFSHORE;RG3_OFF2;0
NO2;WINDTURBINE_OFFSHORE;RG1_OFF3;0
NO2;WINDTURBINE_OFFSHORE;RG2_OFF3;0
NO2;WINDTURBINE_OFFSHORE;RG3_OFF3;0
NO2;WINDTURBINE_OFFSHORE;RG1_OFF4;0
NO2;WINDTURBINE_OFFSHORE;RG2_OFF4;0
NO2;WINDTURBINE_OFFSHORE;RG3_OFF4;0
NO2;WINDTURBINE_OFFSHORE;RG1_OFF5;0
NO2;WINDTURBINE_OFFSHORE;RG2_OFF5;0
NO2;WINDTURBINE_OFFSHORE;RG3_OFF5;0
NO3;SOLARPV;RG1;2329.130033
NO3;SOLARPV;RG2;2329.130033
NO3;SOLARPV;RG3;0
CZ;WINDTURBINE_ONSHORE;RG3;9423
LV;WINDTURBINE_ONSHORE;RG2;9320
EE;WINDTURBINE_ONSHORE;RG3;9200
NO3;WINDTURBINE_OFFSHORE;RG1_OFF1;115
NO3;WINDTURBINE_OFFSHORE;RG2_OFF1;9394
NO3;WINDTURBINE_OFFSHORE;RG1_OFF2;0
NO3;WINDTURBINE_OFFSHORE;RG2_OFF2;0
NO3;WINDTURBINE_OFFSHORE;RG3_OFF2;0
NO3;WINDTURBINE_OFFSHORE;RG1_OFF3;0
NO3;WINDTURBINE_OFFSHORE;RG2_OFF3;0
NO3;WINDTURBINE_OFFSHORE;RG3_OFF3;0
NO3;WINDTURBINE_OFFSHORE;RG1_OFF4;0
NO3;WINDTURBINE_OFFSHORE;RG2_OFF4;0
NO3;WINDTURBINE_OFFSHORE;RG3_OFF4;0
NO3;WINDTURBINE_OFFSHORE;RG1_OFF5;0
NO3;WINDTURBINE_OFFSHORE;RG2_OFF5;0
NO3;WINDTURBINE_OFFSHORE;RG3_OFF5;0
NO4;SOLARPV;RG1;2329.130033
NO4;SOLARPV;RG2;2329.130033
NO4;SOLARPV;RG3;0
LT;WINDTURBINE_ONSHORE;RG2;8560
RO;WINDTURBINE_ONSHORE;RG2;8160
CZ;WINDTURBINE_ONSHORE;RG2;7538.4
NO4;WINDTURBINE_OFFSHORE;RG1_OFF1;175
NO4;WINDTURBINE_OFFSHORE;RG2_OFF1;9500
NO4;WINDTURBINE_OFFSHORE;RG1_OFF2;0
NO4;WINDTURBINE_OFFSHORE;RG2_OFF2;0
NO4;WINDTURBINE_OFFSHORE;RG3_OFF2;0
NO4;WINDTURBINE_OFFSHORE;RG1_OFF3;0
NO4;WINDTURBINE_OFFSHORE;RG2_OFF3;0
NO4;WINDTURBINE_OFFSHORE;RG3_OFF3;0
NO4;WINDTURBINE_OFFSHORE;RG1_OFF4;0
NO4;WINDTURBINE_OFFSHORE;RG2_OFF4;0
NO4;WINDTURBINE_OFFSHORE;RG3_OFF4;0
NO4;WINDTURBINE_OFFSHORE;RG1_OFF5;0
NO4;WINDTURBINE_OFFSHORE;RG2_OFF5;0
NO4;WINDTURBINE_OFFSHORE;RG3_OFF5;0
NO5;SOLARPV;RG1;2329.130033
NO5;SOLARPV;RG2;2329.130033
NO5;SOLARPV;RG3;0
FIN;WINDTURBINE_ONSHORE;RG3;7500
EE;WINDTURBINE_ONSHORE;RG2;7360
FIN;WINDTURBINE_ONSHORE;RG2;6000
NO5;WINDTURBINE_OFFSHORE;RG1_OFF1;0
NO5;WINDTURBINE_OFFSHORE;RG2_OFF1;7000
NO5;WINDTURBINE_OFFSHORE;RG3_OFF1;0
NO5;WINDTURBINE_OFFSHORE;RG1_OFF2;0
NO5;WINDTURBINE_OFFSHORE;RG2_OFF2;0
NO5;WINDTURBINE_OFFSHORE;RG3_OFF2;0
NO5;WINDTURBINE_OFFSHORE;RG1_OFF3;0
NO5;WINDTURBINE_OFFSHORE;RG2_OFF3;0
NO5;WINDTURBINE_OFFSHORE;RG3_OFF3;0
NO5;WINDTURBINE_OFFSHORE;RG1_OFF4;0
NO5;WINDTURBINE_OFFSHORE;RG2_OFF4;0
NO5;WINDTURBINE_OFFSHORE;RG3_OFF4;0
NO5;WINDTURBINE_OFFSHORE;RG1_OFF5;0
NO5;WINDTURBINE_OFFSHORE;RG2_OFF5;0
NO5;WINDTURBINE_OFFSHORE;RG3_OFF5;0
SE1;SOLARPV;RG1;7328.7
SE1;SOLARPV;RG2;7328.7
SE1;SOLARPV;RG3;0
GR;WINDTURBINE_ONSHORE;RG3;5762.601626
DK1;WINDTURBINE_ONSHORE;RG3;5531.141869
SE2;WINDTURBINE_ONSHORE;RG3;5518.018018
SE1;WINDTURBINE_OFFSHORE;RG1_OFF1;0
SE1;WINDTURBINE_OFFSHORE;RG2_OFF1;10750
SE1;WINDTURBINE_OFFSHORE;RG3_OFF1;0
SE1;WINDTURBINE_OFFSHORE;RG1_OFF2;0
SE1;WINDTURBINE_OFFSHORE;RG2_OFF2;0
SE1;WINDTURBINE_OFFSHORE;RG3_OFF2;0
SE1;WINDTURBINE_OFFSHORE;RG1_OFF3;0
SE1;WINDTURBINE_OFFSHORE;RG2_OFF3;0
SE1;WINDTURBINE_OFFSHORE;RG3_OFF3;0
SE1;WINDTURBINE_OFFSHORE;RG1_OFF4;0
SE1;WINDTURBINE_OFFSHORE;RG2_OFF4;0
SE1;WINDTURBINE_OFFSHORE;RG3_OFF4;0
SE1;WINDTURBINE_OFFSHORE;RG1_OFF5;0
SE1;WINDTURBINE_OFFSHORE;RG2_OFF5;0
SE1;WINDTURBINE_OFFSHORE;RG3_OFF5;0
SE2;SOLARPV;RG1;7328.7
SE2;SOLARPV;RG2;7328.7
SE2;SOLARPV;RG3;0
SE3;WINDTURBINE_ONSHORE;RG3;5498.310811
NL;WINDTURBINE_ONSHORE;RG3;5150
AT;WINDTURBINE_ONSHORE;RG3;4825.5
SE2;WINDTURBINE_OFFSHORE;RG1_OFF1;0
SE2;WINDTURBINE_OFFSHORE;RG2_OFF1;10750
SE2;WINDTURBINE_OFFSHORE;RG3_OFF1;0
SE2;WINDTURBINE_OFFSHORE;RG1_OFF2;0
SE2;WINDTURBINE_OFFSHORE;RG2_OFF2;0
SE2;WINDTURBINE_OFFSHORE;RG3_OFF2;0
SE2;WINDTURBINE_OFFSHORE;RG1_OFF3;0
SE2;WINDTURBINE_OFFSHORE;RG2_OFF3;0
SE2;WINDTURBINE_OFFSHORE;RG3_OFF3;0
SE2;WINDTURBINE_OFFSHORE;RG1_OFF4;0
SE2;WINDTURBINE_OFFSHORE;RG2_OFF4;0
SE2;WINDTURBINE_OFFSHORE;RG3_OFF4;0
SE2;WINDTURBINE_OFFSHORE;RG1_OFF5;0
SE2;WINDTURBINE_OFFSHORE;RG2_OFF5;0
SE2;WINDTURBINE_OFFSHORE;RG3_OFF5;0
SE3;SOLARPV;RG1;7328.7
SE3;SOLARPV;RG2;7328.7
SE3;SOLARPV;RG3;0
GR;WINDTURBINE_ONSHORE;RG2;4610.081301
SE1;WINDTURBINE_ONSHORE;RG3;4466.966967
BE;WINDTURBINE_ONSHORE;RG3;4450
SE3;WINDTURBINE_OFFSHORE;RG1_OFF1;0
SE3;WINDTURBINE_OFFSHORE;RG2_OFF1;10750
SE3;WINDTURBINE_OFFSHORE;RG3_OFF1;0
SE3;WINDTURBINE_OFFSHORE;RG1_OFF2;0
SE3;WINDTURBINE_OFFSHORE;RG2_OFF2;0
SE3;WINDTURBINE_OFFSHORE;RG3_OFF2;0
SE3;WINDTURBINE_OFFSHORE;RG1_OFF3;0
SE3;WINDTURBINE_OFFSHORE;RG2_OFF3;0
SE3;WINDTURBINE_OFFSHORE;RG3_OFF3;0
SE3;WINDTURBINE_OFFSHORE;RG1_OFF4;0
SE3;WINDTURBINE_OFFSHORE;RG2_OFF4;0
SE3;WINDTURBINE_OFFSHORE;RG3_OFF4;0
SE3;WINDTURBINE_OFFSHORE;RG1_OFF5;0
SE3;WINDTURBINE_OFFSHORE;RG2_OFF5;0
SE3;WINDTURBINE_OFFSHORE;RG3_OFF5;0
SE4;SOLARPV;RG1;7328.7
SE4;SOLARPV;RG2;7328.7
SE4;SOLARPV;RG3;0
SE2;WINDTURBINE_ONSHORE;RG2;4414.414414
SE3;WINDTURBINE_ONSHORE;RG2;4398.648649
IE;WINDTURBINE_ONSHORE;RG1;4358.909772
SE4;WINDTURBINE_OFFSHORE;RG1_OFF1;0
SE4;WINDTURBINE_OFFSHORE;RG2_OFF1;10750
SE4;WINDTURBINE_OFFSHORE;RG3_OFF1;0
SE4;WINDTURBINE_OFFSHORE;RG1_OFF2;0
SE4;WINDTURBINE_OFFSHORE;RG2_OFF2;0
SE4;WINDTURBINE_OFFSHORE;RG3_OFF2;0
SE4;WINDTURBINE_OFFSHORE;RG1_OFF3;0
SE4;WINDTURBINE_OFFSHORE;RG2_OFF3;0
SE4;WINDTURBINE_OFFSHORE;RG3_OFF3;0
SE4;WINDTURBINE_OFFSHORE;RG1_OFF4;0
SE4;WINDTURBINE_OFFSHORE;RG2_OFF4;0
SE4;WINDTURBINE_OFFSHORE;RG3_OFF4;0
SE4;WINDTURBINE_OFFSHORE;RG1_OFF5;0
SE4;WINDTURBINE_OFFSHORE;RG2_OFF5;0
SE4;WINDTURBINE_OFFSHORE;RG3_OFF5;0
UK;SOLARPV;RG1;27251.34
UK;SOLARPV;RG2;81754.02
UK;SOLARPV;RG3;163508.04
NL;WINDTURBINE_ONSHORE;RG2;4120
IT;WINDTURBINE_ONSHORE;RG1;3869.2
AT;WINDTURBINE_ONSHORE;RG2;3860.4
UK;WINDTURBINE_OFFSHORE;RG1_OFF1;0
UK;WINDTURBINE_OFFSHORE;RG2_OFF1;150000
UK;WINDTURBINE_OFFSHORE;RG3_OFF1;0
UK;WINDTURBINE_OFFSHORE;RG1_OFF2;0
UK;WINDTURBINE_OFFSHORE;RG2_OFF2;2176
UK;WINDTURBINE_OFFSHORE;RG1_OFF3;108
UK;WINDTURBINE_OFFSHORE;RG2_OFF3;4030
UK;WINDTURBINE_OFFSHORE;RG1_OFF4;0
UK;WINDTURBINE_OFFSHORE;RG2_OFF4;2285
UK;WINDTURBINE_OFFSHORE;RG1_OFF5;200
UK;WINDTURBINE_OFFSHORE;RG2_OFF5;7079.6
EE;SOLARPV;RG1;13019.025
EE;SOLARPV;RG2;13019.025
EE;SOLARPV;RG3;0
SE1;WINDTURBINE_ONSHORE;RG2;3573.573574
BE;WINDTURBINE_ONSHORE;RG2;3560
HR;WINDTURBINE_ONSHORE;RG3;3450
EE;WINDTURBINE_OFFSHORE;RG1_OFF1;0
EE;WINDTURBINE_OFFSHORE;RG2_OFF1;18700
EE;WINDTURBINE_OFFSHORE;RG3_OFF1;0
EE;WINDTURBINE_OFFSHORE;RG1_OFF2;0
EE;WINDTURBINE_OFFSHORE;RG2_OFF2;0
EE;WINDTURBINE_OFFSHORE;RG3_OFF2;0
EE;WINDTURBINE_OFFSHORE;RG1_OFF3;0
EE;WINDTURBINE_OFFSHORE;RG2_OFF3;0
EE;WINDTURBINE_OFFSHORE;RG3_OFF3;0
EE;WINDTURBINE_OFFSHORE;RG1_OFF4;0
EE;WINDTURBINE_OFFSHORE;RG2_OFF4;0
EE;WINDTURBINE_OFFSHORE;RG3_OFF4;0
EE;WINDTURBINE_OFFSHORE;RG1_OFF5;0
EE;WINDTURBINE_OFFSHORE;RG2_OFF5;0
EE;WINDTURBINE_OFFSHORE;RG3_OFF5;0
LV;SOLARPV;RG1;22873.5
LV;SOLARPV;RG2;22873.5
LV;SOLARPV;RG3;0
DE4-E;WINDTURBINE_ONSHORE;RG1;3274.078311
DE4-W;WINDTURBINE_ONSHORE;RG1;3208.944127
DK2;WINDTURBINE_ONSHORE;RG3;2968.858131
LV;WINDTURBINE_OFFSHORE;RG1_OFF1;0
LV;WINDTURBINE_OFFSHORE;RG2_OFF1;12800
LV;WINDTURBINE_OFFSHORE;RG3_OFF1;0
LV;WINDTURBINE_OFFSHORE;RG1_OFF2;0
LV;WINDTURBINE_OFFSHORE;RG2_OFF2;0
LV;WINDTURBINE_OFFSHORE;RG3_OFF2;0
LV;WINDTURBINE_OFFSHORE;RG1_OFF3;0
LV;WINDTURBINE_OFFSHORE;RG2_OFF3;0
LV;WINDTURBINE_OFFSHORE;RG3_OFF3;0
LV;WINDTURBINE_OFFSHORE;RG1_OFF4;0
LV;WINDTURBINE_OFFSHORE;RG2_OFF4;0
LV;WINDTURBINE_OFFSHORE;RG3_OFF4;0
LV;WINDTURBINE_OFFSHORE;RG1_OFF5;0
LV;WINDTURBINE_OFFSHORE;RG2_OFF5;0
LV;WINDTURBINE_OFFSHORE;RG3_OFF5;0
LT;SOLARPV;RG1;44821.35
LT;SOLARPV;RG2;44821.35
LT;SOLARPV;RG3;0
DE4-S;WINDTURBINE_ONSHORE;RG1;2909.326881
NO4;WINDTURBINE_ONSHORE;RG3;2796.728972
HR;WINDTURBINE_ONSHORE;RG2;2760
LT;WINDTURBINE_OFFSHORE;RG1_OFF1;0
LT;WINDTURBINE_OFFSHORE;RG2_OFF1;2000
LT;WINDTURBINE_OFFSHORE;RG3_OFF1;0
LT;WINDTURBINE_OFFSHORE;RG1_OFF2;0
LT;WINDTURBINE_OFFSHORE;RG2_OFF2;0
LT;WINDTURBINE_OFFSHORE;RG3_OFF2;0
LT;WINDTURBINE_OFFSHORE;RG1_OFF3;0
LT;WINDTURBINE_OFFSHORE;RG2_OFF3;0
LT;WINDTURBINE_OFFSHORE;RG3_OFF3;0
LT;WINDTURBINE_OFFSHORE;RG1_OFF4;0
LT;WINDTURBINE_OFFSHORE;RG2_OFF4;0
LT;WINDTURBINE_OFFSHORE;RG3_OFF4;0
LT;WINDTURBINE_OFFSHORE;RG1_OFF5;0
LT;WINDTURBINE_OFFSHORE;RG2_OFF5;0
LT;WINDTURBINE_OFFSHORE;RG3_OFF5;0
PL;SOLARPV;RG1;30000.85
PL;SOLARPV;RG2;50000.85
PL;SOLARPV;RG3;0
DK1;WINDTURBINE_ONSHORE;RG2;2424.913495
PT;WINDTURBINE_ONSHORE;RG1;2400
DE4-N;WINDTURBINE_ONSHORE;RG3;2388.25341
PL;WINDTURBINE_OFFSHORE;RG1_OFF1;0
PL;WINDTURBINE_OFFSHORE;RG2_OFF1;11000
PL;WINDTURBINE_OFFSHORE;RG3_OFF1;0
PL;WINDTURBINE_OFFSHORE;RG1_OFF2;0
PL;WINDTURBINE_OFFSHORE;RG2_OFF2;0
PL;WINDTURBINE_OFFSHORE;RG3_OFF2;0
PL;WINDTURBINE_OFFSHORE;RG1_OFF3;0
PL;WINDTURBINE_OFFSHORE;RG2_OFF3;0
PL;WINDTURBINE_OFFSHORE;RG3_OFF3;0
PL;WINDTURBINE_OFFSHORE;RG1_OFF4;0
PL;WINDTURBINE_OFFSHORE;RG2_OFF4;0
PL;WINDTURBINE_OFFSHORE;RG3_OFF4;0
PL;WINDTURBINE_OFFSHORE;RG1_OFF5;0
PL;WINDTURBINE_OFFSHORE;RG2_OFF5;0
PL;WINDTURBINE_OFFSHORE;RG3_OFF5;0
BE;SOLARPV;RG1;10000.55
BE;SOLARPV;RG2;19229.55
BE;SOLARPV;RG3;0
LV;WINDTURBINE_ONSHORE;RG1;2330
NO4;WINDTURBINE_ONSHORE;RG2;2237.383178
LT;WINDTURBINE_ONSHORE;RG1;2140
BE;WINDTURBINE_OFFSHORE;RG1_OFF1;0
BE;WINDTURBINE_OFFSHORE;RG2_OFF1;7900
BE;WINDTURBINE_OFFSHORE;RG3_OFF1;0
BE;WINDTURBINE_OFFSHORE;RG1_OFF2;0
BE;WINDTURBINE_OFFSHORE;RG2_OFF2;0
BE;WINDTURBINE_OFFSHORE;RG3_OFF2;0
BE;WINDTURBINE_OFFSHORE;RG1_OFF3;0
BE;WINDTURBINE_OFFSHORE;RG2_OFF3;0
BE;WINDTURBINE_OFFSHORE;RG3_OFF3;0
BE;WINDTURBINE_OFFSHORE;RG1_OFF4;0
BE;WINDTURBINE_OFFSHORE;RG2_OFF4;0
BE;WINDTURBINE_OFFSHORE;RG3_OFF4;0
BE;WINDTURBINE_OFFSHORE;RG1_OFF5;0
BE;WINDTURBINE_OFFSHORE;RG2_OFF5;0
BE;WINDTURBINE_OFFSHORE;RG3_OFF5;0
FR;SOLARPV;RG1;35136.78449
FR;SOLARPV;RG2;105410.3535
FR;SOLARPV;RG3;230820.707
RO;WINDTURBINE_ONSHORE;RG1;2040
SE4;WINDTURBINE_ONSHORE;RG3;2016.704204
DE4-N;WINDTURBINE_ONSHORE;RG2;1910.602728
FR;WINDTURBINE_OFFSHORE;RG1_OFF1;0
FR;WINDTURBINE_OFFSHORE;RG2_OFF1;53300
FR;WINDTURBINE_OFFSHORE;RG3_OFF1;0
FR;WINDTURBINE_OFFSHORE;RG1_OFF2;0
FR;WINDTURBINE_OFFSHORE;RG2_OFF2;0
FR;WINDTURBINE_OFFSHORE;RG3_OFF2;0
FR;WINDTURBINE_OFFSHORE;RG1_OFF3;0
FR;WINDTURBINE_OFFSHORE;RG2_OFF3;0
FR;WINDTURBINE_OFFSHORE;RG3_OFF3;0
FR;WINDTURBINE_OFFSHORE;RG1_OFF4;0
FR;WINDTURBINE_OFFSHORE;RG2_OFF4;0
FR;WINDTURBINE_OFFSHORE;RG3_OFF4;0
FR;WINDTURBINE_OFFSHORE;RG1_OFF5;0
FR;WINDTURBINE_OFFSHORE;RG2_OFF5;0
FR;WINDTURBINE_OFFSHORE;RG3_OFF5;0
IT;SOLARPV;RG1;33366.28711
IT;SOLARPV;RG2;100098.8613
IT;SOLARPV;RG3;150197.7226
CZ;WINDTURBINE_ONSHORE;RG1;1884.6
EE;WINDTURBINE_ONSHORE;RG1;1840
NO1;WINDTURBINE_ONSHORE;RG3;1755.451713
IT;WINDTURBINE_OFFSHORE;RG1_OFF1;0
IT;WINDTURBINE_OFFSHORE;RG2_OFF1;10000
IT;WINDTURBINE_OFFSHORE;RG3_OFF1;0
IT;WINDTURBINE_OFFSHORE;RG1_OFF2;0
IT;WINDTURBINE_OFFSHORE;RG2_OFF2;0
IT;WINDTURBINE_OFFSHORE;RG3_OFF2;0
IT;WINDTURBINE_OFFSHORE;RG1_OFF3;0
IT;WINDTURBINE_OFFSHORE;RG2_OFF3;0
IT;WINDTURBINE_OFFSHORE;RG3_OFF3;0
IT;WINDTURBINE_OFFSHORE;RG1_OFF4;0
IT;WINDTURBINE_OFFSHORE;RG2_OFF4;0
IT;WINDTURBINE_OFFSHORE;RG3_OFF4;0
IT;WINDTURBINE_OFFSHORE;RG1_OFF5;0
IT;WINDTURBINE_OFFSHORE;RG2_OFF5;0
IT;WINDTURBINE_OFFSHORE;RG3_OFF5;0
CH;SOLARPV;RG1;10000.53184
CH;SOLARPV;RG2;48494.53184
CH;SOLARPV;RG3;0
BG;WINDTURBINE_ONSHORE;RG3;1700
SE4;WINDTURBINE_ONSHORE;RG2;1613.363363
FIN;WINDTURBINE_ONSHORE;RG1;1500
AT;SOLARPV;RG1;31471.4625
AT;SOLARPV;RG2;31471.4625
AT;SOLARPV;RG3;0
NO1;WINDTURBINE_ONSHORE;RG2;1404.361371
BG;WINDTURBINE_ONSHORE;RG2;1360
NO2;WINDTURBINE_ONSHORE;RG3;1264.797508
CZ;SOLARPV;RG1;10000.275
CZ;SOLARPV;RG2;49420.275
CZ;SOLARPV;RG3;0
GR;WINDTURBINE_ONSHORE;RG1;1152.520325
SE2;WINDTURBINE_ONSHORE;RG1;1103.603604
SE3;WINDTURBINE_ONSHORE;RG1;1099.662162
ES;SOLARPV;RG1;32136.78449
ES;SOLARPV;RG2;96410.35348
ES;SOLARPV;RG3;190820.707
SK;WINDTURBINE_ONSHORE;RG3;1050
NL;WINDTURBINE_ONSHORE;RG1;1030
NO2;WINDTURBINE_ONSHORE;RG2;1011.838006
ES;WINDTURBINE_OFFSHORE;RG1_OFF1;0
ES;WINDTURBINE_OFFSHORE;RG2_OFF1;10000
ES;WINDTURBINE_OFFSHORE;RG3_OFF1;0
ES;WINDTURBINE_OFFSHORE;RG1_OFF2;0
ES;WINDTURBINE_OFFSHORE;RG2_OFF2;0
ES;WINDTURBINE_OFFSHORE;RG3_OFF2;0
ES;WINDTURBINE_OFFSHORE;RG1_OFF3;0
ES;WINDTURBINE_OFFSHORE;RG2_OFF3;0
ES;WINDTURBINE_OFFSHORE;RG3_OFF3;0
ES;WINDTURBINE_OFFSHORE;RG1_OFF4;0
ES;WINDTURBINE_OFFSHORE;RG2_OFF4;0
ES;WINDTURBINE_OFFSHORE;RG3_OFF4;0
ES;WINDTURBINE_OFFSHORE;RG1_OFF5;0
ES;WINDTURBINE_OFFSHORE;RG2_OFF5;0
ES;WINDTURBINE_OFFSHORE;RG3_OFF5;0
PT;SOLARPV;RG1;12680.61219
PT;SOLARPV;RG2;28680.61219
PT;SOLARPV;RG3;0
AL;WINDTURBINE_ONSHORE;RG3;1000
BA;WINDTURBINE_ONSHORE;RG3;1000
AT;WINDTURBINE_ONSHORE;RG1;965.1
PT;WINDTURBINE_OFFSHORE;RG1_OFF1;0
PT;WINDTURBINE_OFFSHORE;RG2_OFF1;10000
PT;WINDTURBINE_OFFSHORE;RG3_OFF1;0
PT;WINDTURBINE_OFFSHORE;RG1_OFF2;0
PT;WINDTURBINE_OFFSHORE;RG2_OFF2;0
PT;WINDTURBINE_OFFSHORE;RG3_OFF2;0
PT;WINDTURBINE_OFFSHORE;RG1_OFF3;0
PT;WINDTURBINE_OFFSHORE;RG2_OFF3;0
PT;WINDTURBINE_OFFSHORE;RG3_OFF3;0
PT;WINDTURBINE_OFFSHORE;RG1_OFF4;0
PT;WINDTURBINE_OFFSHORE;RG2_OFF4;0
PT;WINDTURBINE_OFFSHORE;RG3_OFF4;0
PT;WINDTURBINE_OFFSHORE;RG1_OFF5;0
PT;WINDTURBINE_OFFSHORE;RG2_OFF5;0
PT;WINDTURBINE_OFFSHORE;RG3_OFF5;0
SK;SOLARPV;RG1;22950
SK;SOLARPV;RG2;22950
SK;SOLARPV;RG3;0
NO3;WINDTURBINE_ONSHORE;RG3;932.2429907
SE1;WINDTURBINE_ONSHORE;RG1;893.3933934
BE;WINDTURBINE_ONSHORE;RG1;890
HU;SOLARPV;RG1;30200
HU;SOLARPV;RG2;43200
HU;SOLARPV;RG3;0
SK;WINDTURBINE_ONSHORE;RG2;840
AL;WINDTURBINE_ONSHORE;RG2;800
BA;WINDTURBINE_ONSHORE;RG2;800
SI;SOLARPV;RG1;7600
SI;SOLARPV;RG2;9600
SI;SOLARPV;RG3;0
DK2;WINDTURBINE_ONSHORE;RG2;775.0865052
NO3;WINDTURBINE_ONSHORE;RG2;745.7943925
HR;WINDTURBINE_ONSHORE;RG1;690
HR;SOLARPV;RG1;15700
HR;SOLARPV;RG2;26700
HR;SOLARPV;RG3;0
DK1;WINDTURBINE_ONSHORE;RG1;606.2283737
NO4;WINDTURBINE_ONSHORE;RG1;559.3457944
CH;WINDTURBINE_ONSHORE;RG3;500
HR;WINDTURBINE_OFFSHORE;RG1_OFF1;0
HR;WINDTURBINE_OFFSHORE;RG2_OFF1;3998
HR;WINDTURBINE_OFFSHORE;RG3_OFF1;0
HR;WINDTURBINE_OFFSHORE;RG1_OFF2;0
HR;WINDTURBINE_OFFSHORE;RG2_OFF2;0
HR;WINDTURBINE_OFFSHORE;RG3_OFF2;0
HR;WINDTURBINE_OFFSHORE;RG1_OFF3;0
HR;WINDTURBINE_OFFSHORE;RG2_OFF3;0
HR;WINDTURBINE_OFFSHORE;RG3_OFF3;0
HR;WINDTURBINE_OFFSHORE;RG1_OFF4;0
HR;WINDTURBINE_OFFSHORE;RG2_OFF4;0
HR;WINDTURBINE_OFFSHORE;RG3_OFF4;0
HR;WINDTURBINE_OFFSHORE;RG1_OFF5;0
HR;WINDTURBINE_OFFSHORE;RG2_OFF5;0
HR;WINDTURBINE_OFFSHORE;RG3_OFF5;0
RO;SOLARPV;RG1;40000
RO;SOLARPV;RG2;103600
RO;SOLARPV;RG3;0
DE4-N;WINDTURBINE_ONSHORE;RG1;477.6506819
SE4;WINDTURBINE_ONSHORE;RG1;403.3408408
CH;WINDTURBINE_ONSHORE;RG2;400
RO;WINDTURBINE_OFFSHORE;RG1_OFF1;0
RO;WINDTURBINE_OFFSHORE;RG2_OFF1;22420
RO;WINDTURBINE_OFFSHORE;RG3_OFF1;0
RO;WINDTURBINE_OFFSHORE;RG1_OFF2;0
RO;WINDTURBINE_OFFSHORE;RG2_OFF2;0
RO;WINDTURBINE_OFFSHORE;RG3_OFF2;0
RO;WINDTURBINE_OFFSHORE;RG1_OFF3;0
RO;WINDTURBINE_OFFSHORE;RG2_OFF3;0
RO;WINDTURBINE_OFFSHORE;RG3_OFF3;0
RO;WINDTURBINE_OFFSHORE;RG1_OFF4;0
RO;WINDTURBINE_OFFSHORE;RG2_OFF4;0
RO;WINDTURBINE_OFFSHORE;RG3_OFF4;0
RO;WINDTURBINE_OFFSHORE;RG1_OFF5;0
RO;WINDTURBINE_OFFSHORE;RG2_OFF5;0
RO;WINDTURBINE_OFFSHORE;RG3_OFF5;0
BG;SOLARPV;RG1;41800
BG;SOLARPV;RG2;51800
BG;SOLARPV;RG3;0
NO1;WINDTURBINE_ONSHORE;RG1;351.0903427
BG;WINDTURBINE_ONSHORE;RG1;340
LU;WINDTURBINE_ONSHORE;RG3;330.5803338
BG;WINDTURBINE_OFFSHORE;RG1_OFF1;0
BG;WINDTURBINE_OFFSHORE;RG2_OFF1;2103
BG;WINDTURBINE_OFFSHORE;RG3_OFF1;0
BG;WINDTURBINE_OFFSHORE;RG1_OFF2;0
BG;WINDTURBINE_OFFSHORE;RG2_OFF2;0
BG;WINDTURBINE_OFFSHORE;RG3_OFF2;0
BG;WINDTURBINE_OFFSHORE;RG1_OFF3;0
BG;WINDTURBINE_OFFSHORE;RG2_OFF3;0
BG;WINDTURBINE_OFFSHORE;RG3_OFF3;0
BG;WINDTURBINE_OFFSHORE;RG1_OFF4;0
BG;WINDTURBINE_OFFSHORE;RG2_OFF4;0
BG;WINDTURBINE_OFFSHORE;RG3_OFF4;0
BG;WINDTURBINE_OFFSHORE;RG1_OFF5;0
BG;WINDTURBINE_OFFSHORE;RG2_OFF5;0
BG;WINDTURBINE_OFFSHORE;RG3_OFF5;0
GR;SOLARPV;RG1;40000
GR;SOLARPV;RG2;66000
GR;SOLARPV;RG3;0
HU;WINDTURBINE_ONSHORE;RG3;300
SI;WINDTURBINE_ONSHORE;RG3;300
LU;WINDTURBINE_ONSHORE;RG2;264.464267
GR;WINDTURBINE_OFFSHORE;RG1_OFF1;0
GR;WINDTURBINE_OFFSHORE;RG2_OFF1;9596
GR;WINDTURBINE_OFFSHORE;RG3_OFF1;0
GR;WINDTURBINE_OFFSHORE;RG1_OFF2;0
GR;WINDTURBINE_OFFSHORE;RG2_OFF2;0
GR;WINDTURBINE_OFFSHORE;RG3_OFF2;0
GR;WINDTURBINE_OFFSHORE;RG1_OFF3;0
GR;WINDTURBINE_OFFSHORE;RG2_OFF3;0
GR;WINDTURBINE_OFFSHORE;RG3_OFF3;0
GR;WINDTURBINE_OFFSHORE;RG1_OFF4;0
GR;WINDTURBINE_OFFSHORE;RG2_OFF4;0
GR;WINDTURBINE_OFFSHORE;RG3_OFF4;0
GR;WINDTURBINE_OFFSHORE;RG1_OFF5;0
GR;WINDTURBINE_OFFSHORE;RG2_OFF5;0
GR;WINDTURBINE_OFFSHORE;RG3_OFF5;0
IE;SOLARPV;RG1;15333.33333
IE;SOLARPV;RG2;15333.33333
IE;SOLARPV;RG3;0
NO2;WINDTURBINE_ONSHORE;RG1;252.9595016
NO5;WINDTURBINE_ONSHORE;RG3;250.7788162
HU;WINDTURBINE_ONSHORE;RG2;240
IE;WINDTURBINE_OFFSHORE;RG1_OFF1;0
IE;WINDTURBINE_OFFSHORE;RG2_OFF1;20611
IE;WINDTURBINE_OFFSHORE;RG3_OFF1;0
IE;WINDTURBINE_OFFSHORE;RG1_OFF2;0
IE;WINDTURBINE_OFFSHORE;RG2_OFF2;0
IE;WINDTURBINE_OFFSHORE;RG3_OFF2;0
IE;WINDTURBINE_OFFSHORE;RG1_OFF3;0
IE;WINDTURBINE_OFFSHORE;RG2_OFF3;0
IE;WINDTURBINE_OFFSHORE;RG3_OFF3;0
IE;WINDTURBINE_OFFSHORE;RG1_OFF4;0
IE;WINDTURBINE_OFFSHORE;RG2_OFF4;0
IE;WINDTURBINE_OFFSHORE;RG3_OFF4;0
IE;WINDTURBINE_OFFSHORE;RG1_OFF5;0
IE;WINDTURBINE_OFFSHORE;RG2_OFF5;0
IE;WINDTURBINE_OFFSHORE;RG3_OFF5;0
LU;SOLARPV;RG1;500
LU;SOLARPV;RG2;500
LU;SOLARPV;RG3;0
SI;WINDTURBINE_ONSHORE;RG2;240
SK;WINDTURBINE_ONSHORE;RG1;210
NO5;WINDTURBINE_ONSHORE;RG2;200.623053
AL;SOLARPV;RG1;9000
AL;SOLARPV;RG2;13000
AL;SOLARPV;RG3;0
AL;WINDTURBINE_ONSHORE;RG1;200
ME;WINDTURBINE_ONSHORE;RG3;200
MK;WINDTURBINE_ONSHORE;RG3;200
AL;WINDTURBINE_OFFSHORE;RG1_OFF1;0
AL;WINDTURBINE_OFFSHORE;RG2_OFF1;0
AL;WINDTURBINE_OFFSHORE;RG3_OFF1;0
AL;WINDTURBINE_OFFSHORE;RG1_OFF2;0
AL;WINDTURBINE_OFFSHORE;RG2_OFF2;0
AL;WINDTURBINE_OFFSHORE;RG3_OFF2;0
AL;WINDTURBINE_OFFSHORE;RG1_OFF3;0
AL;WINDTURBINE_OFFSHORE;RG2_OFF3;0
AL;WINDTURBINE_OFFSHORE;RG3_OFF3;0
AL;WINDTURBINE_OFFSHORE;RG1_OFF4;0
AL;WINDTURBINE_OFFSHORE;RG2_OFF4;0
AL;WINDTURBINE_OFFSHORE;RG3_OFF4;0
AL;WINDTURBINE_OFFSHORE;RG1_OFF5;0
AL;WINDTURBINE_OFFSHORE;RG2_OFF5;0
AL;WINDTURBINE_OFFSHORE;RG3_OFF5;0
ME;SOLARPV;RG1;5400
ME;SOLARPV;RG2;6400
ME;SOLARPV;RG3;0
BA;WINDTURBINE_ONSHORE;RG1;200
RS;WINDTURBINE_ONSHORE;RG3;200
DK2;WINDTURBINE_ONSHORE;RG1;193.7716263
ME;WINDTURBINE_OFFSHORE;RG1_OFF1;0
ME;WINDTURBINE_OFFSHORE;RG2_OFF1;0
ME;WINDTURBINE_OFFSHORE;RG3_OFF1;0
ME;WINDTURBINE_OFFSHORE;RG1_OFF2;0
ME;WINDTURBINE_OFFSHORE;RG2_OFF2;0
ME;WINDTURBINE_OFFSHORE;RG3_OFF2;0
ME;WINDTURBINE_OFFSHORE;RG1_OFF3;0
ME;WINDTURBINE_OFFSHORE;RG2_OFF3;0
ME;WINDTURBINE_OFFSHORE;RG3_OFF3;0
ME;WINDTURBINE_OFFSHORE;RG1_OFF4;0
ME;WINDTURBINE_OFFSHORE;RG2_OFF4;0
ME;WINDTURBINE_OFFSHORE;RG3_OFF4;0
ME;WINDTURBINE_OFFSHORE;RG1_OFF5;0
ME;WINDTURBINE_OFFSHORE;RG2_OFF5;0
ME;WINDTURBINE_OFFSHORE;RG3_OFF5;0
MK;SOLARPV;RG1;8500
MK;SOLARPV;RG2;12000
MK;SOLARPV;RG3;0
NO3;WINDTURBINE_ONSHORE;RG1;186.4485981
ME;WINDTURBINE_ONSHORE;RG2;160
MK;WINDTURBINE_ONSHORE;RG2;160
BA;SOLARPV;RG1;12000
BA;SOLARPV;RG2;24350
BA;SOLARPV;RG3;0
RS;WINDTURBINE_ONSHORE;RG2;160
CH;WINDTURBINE_ONSHORE;RG1;100
LU;WINDTURBINE_ONSHORE;RG1;66.11606676
RS;SOLARPV;RG1;500
RS;SOLARPV;RG2;500
RS;SOLARPV;RG3;0
HU;WINDTURBINE_ONSHORE;RG1;60
SI;WINDTURBINE_ONSHORE;RG1;60
NO5;WINDTURBINE_ONSHORE;RG1;50.15576324
TR;SOLARPV;RG1;38715
TR;SOLARPV;RG2;116145
TR;SOLARPV;RG3;232290
ME;WINDTURBINE_ONSHORE;RG1;40
MK;WINDTURBINE_ONSHORE;RG1;40
RS;WINDTURBINE_ONSHORE;RG1;40
TR;WINDTURBINE_OFFSHORE;RG1_OFF1;0
TR;WINDTURBINE_OFFSHORE;RG2_OFF1;12400
TR;WINDTURBINE_OFFSHORE;RG3_OFF1;0
TR;WINDTURBINE_OFFSHORE;RG1_OFF2;0
TR;WINDTURBINE_OFFSHORE;RG2_OFF2;0
TR;WINDTURBINE_OFFSHORE;RG3_OFF2;0
TR;WINDTURBINE_OFFSHORE;RG1_OFF3;0
TR;WINDTURBINE_OFFSHORE;RG2_OFF3;0
TR;WINDTURBINE_OFFSHORE;RG3_OFF3;0
TR;WINDTURBINE_OFFSHORE;RG1_OFF4;0
TR;WINDTURBINE_OFFSHORE;RG2_OFF4;0
TR;WINDTURBINE_OFFSHORE;RG3_OFF4;0
TR;WINDTURBINE_OFFSHORE;RG1_OFF5;0
TR;WINDTURBINE_OFFSHORE;RG2_OFF5;0
TR;WINDTURBINE_OFFSHORE;RG3_OFF5;0
MT;SOLARPV;RG1;500
MT;SOLARPV;RG2;500
MT;SOLARPV;RG3;0
MT;WINDTURBINE_ONSHORE;RG1;0
MT;WINDTURBINE_ONSHORE;RG2;0
MT;WINDTURBINE_ONSHORE;RG3;0
MT;WINDTURBINE_OFFSHORE;RG1_OFF1;0
MT;WINDTURBINE_OFFSHORE;RG2_OFF1;0
MT;WINDTURBINE_OFFSHORE;RG3_OFF1;0
MT;WINDTURBINE_OFFSHORE;RG1_OFF2;0
MT;WINDTURBINE_OFFSHORE;RG2_OFF2;0
MT;WINDTURBINE_OFFSHORE;RG3_OFF2;0
MT;WINDTURBINE_OFFSHORE;RG1_OFF3;0
MT;WINDTURBINE_OFFSHORE;RG2_OFF3;0
MT;WINDTURBINE_OFFSHORE;RG3_OFF3;0
MT;WINDTURBINE_OFFSHORE;RG1_OFF4;0
MT;WINDTURBINE_OFFSHORE;RG2_OFF4;0
MT;WINDTURBINE_OFFSHORE;RG3_OFF4;0
MT;WINDTURBINE_OFFSHORE;RG1_OFF5;0
MT;WINDTURBINE_OFFSHORE;RG2_OFF5;0
MT;WINDTURBINE_OFFSHORE;RG3_OFF5;0
CY;SOLARPV;RG1;15000
CY;SOLARPV;RG2;5666.666667
CY;SOLARPV;RG3;0
CY;WINDTURBINE_ONSHORE;RG1;0
CY;WINDTURBINE_ONSHORE;RG2;0
CY;WINDTURBINE_ONSHORE;RG3;0
CY;WINDTURBINE_OFFSHORE;RG1_OFF1;0
CY;WINDTURBINE_OFFSHORE;RG2_OFF1;0
CY;WINDTURBINE_OFFSHORE;RG3_OFF1;0
CY;WINDTURBINE_OFFSHORE;RG1_OFF2;0
CY;WINDTURBINE_OFFSHORE;RG2_OFF2;0
CY;WINDTURBINE_OFFSHORE;RG3_OFF2;0
CY;WINDTURBINE_OFFSHORE;RG1_OFF3;0
CY;WINDTURBINE_OFFSHORE;RG2_OFF3;0
CY;WINDTURBINE_OFFSHORE;RG3_OFF3;0
CY;WINDTURBINE_OFFSHORE;RG1_OFF4;0
CY;WINDTURBINE_OFFSHORE;RG2_OFF4;0
CY;WINDTURBINE_OFFSHORE;RG3_OFF4;0
CY;WINDTURBINE_OFFSHORE;RG1_OFF5;0
CY;WINDTURBINE_OFFSHORE;RG2_OFF5;0
CY;WINDTURBINE_OFFSHORE;RG3_OFF5;0
