"Y";"C";"RRR";"PRICE_CATEGORY";"UNITS";"value";"Scenario"
"2020";"NORWAY";"NO1";"AVERAGE";"Money_per_MWh";0;"GH2E"
"2020";"NORWAY";"NO2";"AVERAGE";"Money_per_MWh";0;"GH2E"
"2020";"NORWAY";"NO3";"AVERAGE";"Money_per_MWh";0;"GH2E"
"2020";"NORWAY";"NO4";"AVERAGE";"Money_per_MWh";0;"GH2E"
"2020";"NORWAY";"NO5";"AVERAGE";"Money_per_MWh";0;"GH2E"
"2020";"DENMARK";"DK1";"AVERAGE";"Money_per_MWh";0;"GH2E"
"2020";"DENMARK";"DK2";"AVERAGE";"Money_per_MWh";0;"GH2E"
"2020";"FINLAND";"FIN";"AVERAGE";"Money_per_MWh";0;"GH2E"
"2020";"GERMANY";"DE4-E";"AVERAGE";"Money_per_MWh";0;"GH2E"
"2020";"GERMANY";"DE4-N";"AVERAGE";"Money_per_MWh";0;"GH2E"
"2020";"GERMANY";"DE4-S";"AVERAGE";"Money_per_MWh";0;"GH2E"
"2020";"GERMANY";"DE4-W";"AVERAGE";"Money_per_MWh";0;"GH2E"
"2020";"NETHERLANDS";"NL";"AVERAGE";"Money_per_MWh";0;"GH2E"
"2020";"SWEDEN";"SE1";"AVERAGE";"Money_per_MWh";0;"GH2E"
"2020";"SWEDEN";"SE2";"AVERAGE";"Money_per_MWh";0;"GH2E"
"2020";"SWEDEN";"SE3";"AVERAGE";"Money_per_MWh";0;"GH2E"
"2020";"SWEDEN";"SE4";"AVERAGE";"Money_per_MWh";0;"GH2E"
"2020";"UNITED_KINGDOM";"UK";"AVERAGE";"Money_per_MWh";0;"GH2E"
"2020";"ESTONIA";"EE";"AVERAGE";"Money_per_MWh";0;"GH2E"
"2020";"LATVIA";"LV";"AVERAGE";"Money_per_MWh";0;"GH2E"
"2020";"LITHUANIA";"LT";"AVERAGE";"Money_per_MWh";0;"GH2E"
"2020";"POLAND";"PL";"AVERAGE";"Money_per_MWh";0;"GH2E"
"2020";"BELGIUM";"BE";"AVERAGE";"Money_per_MWh";0;"GH2E"
"2020";"FRANCE";"FR";"AVERAGE";"Money_per_MWh";0;"GH2E"
"2020";"ITALY";"IT";"AVERAGE";"Money_per_MWh";0;"GH2E"
"2020";"SWITZERLAND";"CH";"AVERAGE";"Money_per_MWh";0;"GH2E"
"2020";"AUSTRIA";"AT";"AVERAGE";"Money_per_MWh";0;"GH2E"
"2020";"CZECH_REPUBLIC";"CZ";"AVERAGE";"Money_per_MWh";0;"GH2E"
"2020";"SPAIN";"ES";"AVERAGE";"Money_per_MWh";0;"GH2E"
"2020";"PORTUGAL";"PT";"AVERAGE";"Money_per_MWh";0;"GH2E"
"2020";"SLOVAKIA";"SK";"AVERAGE";"Money_per_MWh";0;"GH2E"
"2020";"HUNGARY";"HU";"AVERAGE";"Money_per_MWh";0;"GH2E"
"2020";"SLOVENIA";"SI";"AVERAGE";"Money_per_MWh";0;"GH2E"
"2020";"CROATIA";"HR";"AVERAGE";"Money_per_MWh";0;"GH2E"
"2020";"ROMANIA";"RO";"AVERAGE";"Money_per_MWh";0;"GH2E"
"2020";"BULGARIA";"BG";"AVERAGE";"Money_per_MWh";0;"GH2E"
"2020";"GREECE";"GR";"AVERAGE";"Money_per_MWh";0;"GH2E"
"2020";"IRELAND";"IE";"AVERAGE";"Money_per_MWh";0;"GH2E"
"2020";"LUXEMBOURG";"LU";"AVERAGE";"Money_per_MWh";0;"GH2E"
"2020";"ALBANIA";"AL";"AVERAGE";"Money_per_MWh";0;"GH2E"
"2020";"MONTENEGRO";"ME";"AVERAGE";"Money_per_MWh";0;"GH2E"
"2020";"NORTH_MACEDONIA";"MK";"AVERAGE";"Money_per_MWh";0;"GH2E"
"2020";"BOSNIA_AND_HERZEGOVINA";"BA";"AVERAGE";"Money_per_MWh";0;"GH2E"
"2020";"SERBIA";"RS";"AVERAGE";"Money_per_MWh";0;"GH2E"
"2020";"MALTA";"MT";"AVERAGE";"Money_per_MWh";0;"GH2E"
"2020";"CYPRUS";"CY";"AVERAGE";"Money_per_MWh";0;"GH2E"
"2025";"NORWAY";"NO1";"AVERAGE";"Money_per_MWh";44.4632815819357;"GH2E"
"2025";"NORWAY";"NO2";"AVERAGE";"Money_per_MWh";45.8022001256511;"GH2E"
"2025";"NORWAY";"NO3";"AVERAGE";"Money_per_MWh";45.9924403500599;"GH2E"
"2025";"NORWAY";"NO4";"AVERAGE";"Money_per_MWh";43.514618017006;"GH2E"
"2025";"NORWAY";"NO5";"AVERAGE";"Money_per_MWh";44.8236814872415;"GH2E"
"2025";"DENMARK";"DK1";"AVERAGE";"Money_per_MWh";64.7654116075231;"GH2E"
"2025";"DENMARK";"DK2";"AVERAGE";"Money_per_MWh";64.7408516053124;"GH2E"
"2025";"FINLAND";"FIN";"AVERAGE";"Money_per_MWh";51.8740283636765;"GH2E"
"2025";"GERMANY";"DE4-E";"AVERAGE";"Money_per_MWh";50.3730682655809;"GH2E"
"2025";"GERMANY";"DE4-N";"AVERAGE";"Money_per_MWh";84.1437942188499;"GH2E"
"2025";"GERMANY";"DE4-S";"AVERAGE";"Money_per_MWh";55.2349767246299;"GH2E"
"2025";"GERMANY";"DE4-W";"AVERAGE";"Money_per_MWh";55.23497672463;"GH2E"
"2025";"NETHERLANDS";"NL";"AVERAGE";"Money_per_MWh";94.4799444963084;"GH2E"
"2025";"SWEDEN";"SE1";"AVERAGE";"Money_per_MWh";37.7757053901925;"GH2E"
"2025";"SWEDEN";"SE2";"AVERAGE";"Money_per_MWh";38.5942803094226;"GH2E"
"2025";"SWEDEN";"SE3";"AVERAGE";"Money_per_MWh";41.2138963917956;"GH2E"
"2025";"SWEDEN";"SE4";"AVERAGE";"Money_per_MWh";41.9647220756938;"GH2E"
"2025";"UNITED_KINGDOM";"UK";"AVERAGE";"Money_per_MWh";55.2133687940483;"GH2E"
"2025";"ESTONIA";"EE";"AVERAGE";"Money_per_MWh";55.2349767246304;"GH2E"
"2025";"LATVIA";"LV";"AVERAGE";"Money_per_MWh";55.2349767246299;"GH2E"
"2025";"LITHUANIA";"LT";"AVERAGE";"Money_per_MWh";55.3159372353916;"GH2E"
"2025";"POLAND";"PL";"AVERAGE";"Money_per_MWh";49.9695849687655;"GH2E"
"2025";"BELGIUM";"BE";"AVERAGE";"Money_per_MWh";94.7555162967862;"GH2E"
"2025";"FRANCE";"FR";"AVERAGE";"Money_per_MWh";43.6901975379859;"GH2E"
"2025";"ITALY";"IT";"AVERAGE";"Money_per_MWh";49.7289254113346;"GH2E"
"2025";"SWITZERLAND";"CH";"AVERAGE";"Money_per_MWh";55.2349767246303;"GH2E"
"2025";"AUSTRIA";"AT";"AVERAGE";"Money_per_MWh";50.0512733529336;"GH2E"
"2025";"CZECH_REPUBLIC";"CZ";"AVERAGE";"Money_per_MWh";55.2349767246302;"GH2E"
"2025";"SPAIN";"ES";"AVERAGE";"Money_per_MWh";45.3794787573576;"GH2E"
"2025";"PORTUGAL";"PT";"AVERAGE";"Money_per_MWh";45.773776039653;"GH2E"
"2025";"SLOVAKIA";"SK";"AVERAGE";"Money_per_MWh";87.4302715697792;"GH2E"
"2025";"HUNGARY";"HU";"AVERAGE";"Money_per_MWh";91.1492836820931;"GH2E"
"2025";"SLOVENIA";"SI";"AVERAGE";"Money_per_MWh";89.5964218129089;"GH2E"
"2025";"CROATIA";"HR";"AVERAGE";"Money_per_MWh";90.0982000175975;"GH2E"
"2025";"ROMANIA";"RO";"AVERAGE";"Money_per_MWh";87.1380979579105;"GH2E"
"2025";"BULGARIA";"BG";"AVERAGE";"Money_per_MWh";85.7511482494704;"GH2E"
"2025";"GREECE";"GR";"AVERAGE";"Money_per_MWh";92.5732009949364;"GH2E"
"2025";"IRELAND";"IE";"AVERAGE";"Money_per_MWh";68.4639529560251;"GH2E"
"2025";"LUXEMBOURG";"LU";"AVERAGE";"Money_per_MWh";85.2655435976913;"GH2E"
"2025";"ALBANIA";"AL";"AVERAGE";"Money_per_MWh";91.2011374038541;"GH2E"
"2025";"MONTENEGRO";"ME";"AVERAGE";"Money_per_MWh";92.5066908509966;"GH2E"
"2025";"NORTH_MACEDONIA";"MK";"AVERAGE";"Money_per_MWh";91.3466651774879;"GH2E"
"2025";"BOSNIA_AND_HERZEGOVINA";"BA";"AVERAGE";"Money_per_MWh";94.0194261798388;"GH2E"
"2025";"SERBIA";"RS";"AVERAGE";"Money_per_MWh";94.9182252612667;"GH2E"
"2025";"MALTA";"MT";"AVERAGE";"Money_per_MWh";37.913505114083;"GH2E"
"2025";"CYPRUS";"CY";"AVERAGE";"Money_per_MWh";34.9426284648837;"GH2E"
"2030";"NORWAY";"NO1";"AVERAGE";"Money_per_MWh";46.5784029592552;"GH2E"
"2030";"NORWAY";"NO2";"AVERAGE";"Money_per_MWh";47.5110817247079;"GH2E"
"2030";"NORWAY";"NO3";"AVERAGE";"Money_per_MWh";45.8302069045644;"GH2E"
"2030";"NORWAY";"NO4";"AVERAGE";"Money_per_MWh";42.614466671202;"GH2E"
"2030";"NORWAY";"NO5";"AVERAGE";"Money_per_MWh";46.8473744333231;"GH2E"
"2030";"DENMARK";"DK1";"AVERAGE";"Money_per_MWh";48.1601385003658;"GH2E"
"2030";"DENMARK";"DK2";"AVERAGE";"Money_per_MWh";48.0491997036445;"GH2E"
"2030";"FINLAND";"FIN";"AVERAGE";"Money_per_MWh";44.8276844565991;"GH2E"
"2030";"GERMANY";"DE4-E";"AVERAGE";"Money_per_MWh";49.149541317392;"GH2E"
"2030";"GERMANY";"DE4-N";"AVERAGE";"Money_per_MWh";48.6766645603301;"GH2E"
"2030";"GERMANY";"DE4-S";"AVERAGE";"Money_per_MWh";49.5602080352838;"GH2E"
"2030";"GERMANY";"DE4-W";"AVERAGE";"Money_per_MWh";49.2227162987422;"GH2E"
"2030";"NETHERLANDS";"NL";"AVERAGE";"Money_per_MWh";49.0462843246947;"GH2E"
"2030";"SWEDEN";"SE1";"AVERAGE";"Money_per_MWh";43.3269254602442;"GH2E"
"2030";"SWEDEN";"SE2";"AVERAGE";"Money_per_MWh";44.5174932277188;"GH2E"
"2030";"SWEDEN";"SE3";"AVERAGE";"Money_per_MWh";46.1107925395108;"GH2E"
"2030";"SWEDEN";"SE4";"AVERAGE";"Money_per_MWh";47.2931977067793;"GH2E"
"2030";"UNITED_KINGDOM";"UK";"AVERAGE";"Money_per_MWh";47.9371962670361;"GH2E"
"2030";"ESTONIA";"EE";"AVERAGE";"Money_per_MWh";47.5724062099208;"GH2E"
"2030";"LATVIA";"LV";"AVERAGE";"Money_per_MWh";48.2966509873025;"GH2E"
"2030";"LITHUANIA";"LT";"AVERAGE";"Money_per_MWh";49.0287164262601;"GH2E"
"2030";"POLAND";"PL";"AVERAGE";"Money_per_MWh";49.8070619973743;"GH2E"
"2030";"BELGIUM";"BE";"AVERAGE";"Money_per_MWh";49.1962740116721;"GH2E"
"2030";"FRANCE";"FR";"AVERAGE";"Money_per_MWh";48.3954599003774;"GH2E"
"2030";"ITALY";"IT";"AVERAGE";"Money_per_MWh";49.6980241652564;"GH2E"
"2030";"SWITZERLAND";"CH";"AVERAGE";"Money_per_MWh";49.6721602401386;"GH2E"
"2030";"AUSTRIA";"AT";"AVERAGE";"Money_per_MWh";50.1897954480781;"GH2E"
"2030";"CZECH_REPUBLIC";"CZ";"AVERAGE";"Money_per_MWh";50.4697902436921;"GH2E"
"2030";"SPAIN";"ES";"AVERAGE";"Money_per_MWh";50.0721508201879;"GH2E"
"2030";"PORTUGAL";"PT";"AVERAGE";"Money_per_MWh";49.2290370510225;"GH2E"
"2030";"SLOVAKIA";"SK";"AVERAGE";"Money_per_MWh";51.0725492286265;"GH2E"
"2030";"HUNGARY";"HU";"AVERAGE";"Money_per_MWh";51.4002773251112;"GH2E"
"2030";"SLOVENIA";"SI";"AVERAGE";"Money_per_MWh";50.8615539843585;"GH2E"
"2030";"CROATIA";"HR";"AVERAGE";"Money_per_MWh";51.2029531929232;"GH2E"
"2030";"ROMANIA";"RO";"AVERAGE";"Money_per_MWh";52.0855281097895;"GH2E"
"2030";"BULGARIA";"BG";"AVERAGE";"Money_per_MWh";52.8125991716265;"GH2E"
"2030";"GREECE";"GR";"AVERAGE";"Money_per_MWh";55.5903155091421;"GH2E"
"2030";"IRELAND";"IE";"AVERAGE";"Money_per_MWh";47.2924118754166;"GH2E"
"2030";"LUXEMBOURG";"LU";"AVERAGE";"Money_per_MWh";49.5146795621472;"GH2E"
"2030";"ALBANIA";"AL";"AVERAGE";"Money_per_MWh";53.9643030179998;"GH2E"
"2030";"MONTENEGRO";"ME";"AVERAGE";"Money_per_MWh";64.2657318705339;"GH2E"
"2030";"NORTH_MACEDONIA";"MK";"AVERAGE";"Money_per_MWh";53.7946634826009;"GH2E"
"2030";"BOSNIA_AND_HERZEGOVINA";"BA";"AVERAGE";"Money_per_MWh";52.0305917468002;"GH2E"
"2030";"SERBIA";"RS";"AVERAGE";"Money_per_MWh";52.590078827842;"GH2E"
"2030";"MALTA";"MT";"AVERAGE";"Money_per_MWh";59.9405148606414;"GH2E"
"2030";"CYPRUS";"CY";"AVERAGE";"Money_per_MWh";62.0400336218212;"GH2E"
"2035";"NORWAY";"NO1";"AVERAGE";"Money_per_MWh";53.4657143936811;"GH2E"
"2035";"NORWAY";"NO2";"AVERAGE";"Money_per_MWh";54.239478390635;"GH2E"
"2035";"NORWAY";"NO3";"AVERAGE";"Money_per_MWh";52.8802744173876;"GH2E"
"2035";"NORWAY";"NO4";"AVERAGE";"Money_per_MWh";51.3922254338657;"GH2E"
"2035";"NORWAY";"NO5";"AVERAGE";"Money_per_MWh";53.6807596868952;"GH2E"
"2035";"DENMARK";"DK1";"AVERAGE";"Money_per_MWh";55.0045941584635;"GH2E"
"2035";"DENMARK";"DK2";"AVERAGE";"Money_per_MWh";54.9444052021358;"GH2E"
"2035";"FINLAND";"FIN";"AVERAGE";"Money_per_MWh";53.141732132541;"GH2E"
"2035";"GERMANY";"DE4-E";"AVERAGE";"Money_per_MWh";55.3001222482186;"GH2E"
"2035";"GERMANY";"DE4-N";"AVERAGE";"Money_per_MWh";54.9920083118108;"GH2E"
"2035";"GERMANY";"DE4-S";"AVERAGE";"Money_per_MWh";55.4455667129316;"GH2E"
"2035";"GERMANY";"DE4-W";"AVERAGE";"Money_per_MWh";55.3483938588092;"GH2E"
"2035";"NETHERLANDS";"NL";"AVERAGE";"Money_per_MWh";54.8922446042716;"GH2E"
"2035";"SWEDEN";"SE1";"AVERAGE";"Money_per_MWh";51.8560557788697;"GH2E"
"2035";"SWEDEN";"SE2";"AVERAGE";"Money_per_MWh";51.9382193812597;"GH2E"
"2035";"SWEDEN";"SE3";"AVERAGE";"Money_per_MWh";53.4192908662262;"GH2E"
"2035";"SWEDEN";"SE4";"AVERAGE";"Money_per_MWh";54.3809653806994;"GH2E"
"2035";"UNITED_KINGDOM";"UK";"AVERAGE";"Money_per_MWh";53.7785542808949;"GH2E"
"2035";"ESTONIA";"EE";"AVERAGE";"Money_per_MWh";53.1768564477296;"GH2E"
"2035";"LATVIA";"LV";"AVERAGE";"Money_per_MWh";53.4495793272232;"GH2E"
"2035";"LITHUANIA";"LT";"AVERAGE";"Money_per_MWh";52.8811001609872;"GH2E"
"2035";"POLAND";"PL";"AVERAGE";"Money_per_MWh";54.2823110452096;"GH2E"
"2035";"BELGIUM";"BE";"AVERAGE";"Money_per_MWh";55.0117405057372;"GH2E"
"2035";"FRANCE";"FR";"AVERAGE";"Money_per_MWh";54.8374106952632;"GH2E"
"2035";"ITALY";"IT";"AVERAGE";"Money_per_MWh";54.7752975703588;"GH2E"
"2035";"SWITZERLAND";"CH";"AVERAGE";"Money_per_MWh";55.2870208082825;"GH2E"
"2035";"AUSTRIA";"AT";"AVERAGE";"Money_per_MWh";55.2236820912435;"GH2E"
"2035";"CZECH_REPUBLIC";"CZ";"AVERAGE";"Money_per_MWh";55.2195606074312;"GH2E"
"2035";"SPAIN";"ES";"AVERAGE";"Money_per_MWh";53.009327729782;"GH2E"
"2035";"PORTUGAL";"PT";"AVERAGE";"Money_per_MWh";52.8812677755018;"GH2E"
"2035";"SLOVAKIA";"SK";"AVERAGE";"Money_per_MWh";55.4501106669948;"GH2E"
"2035";"HUNGARY";"HU";"AVERAGE";"Money_per_MWh";55.6575119330286;"GH2E"
"2035";"SLOVENIA";"SI";"AVERAGE";"Money_per_MWh";55.5943453120316;"GH2E"
"2035";"CROATIA";"HR";"AVERAGE";"Money_per_MWh";55.8997405024295;"GH2E"
"2035";"ROMANIA";"RO";"AVERAGE";"Money_per_MWh";56.176136382319;"GH2E"
"2035";"BULGARIA";"BG";"AVERAGE";"Money_per_MWh";56.5531741758493;"GH2E"
"2035";"GREECE";"GR";"AVERAGE";"Money_per_MWh";58.7031130270512;"GH2E"
"2035";"IRELAND";"IE";"AVERAGE";"Money_per_MWh";53.2304755606778;"GH2E"
"2035";"LUXEMBOURG";"LU";"AVERAGE";"Money_per_MWh";55.3309554275908;"GH2E"
"2035";"ALBANIA";"AL";"AVERAGE";"Money_per_MWh";57.8367629542239;"GH2E"
"2035";"MONTENEGRO";"ME";"AVERAGE";"Money_per_MWh";63.4457411780681;"GH2E"
"2035";"NORTH_MACEDONIA";"MK";"AVERAGE";"Money_per_MWh";57.5910310114906;"GH2E"
"2035";"BOSNIA_AND_HERZEGOVINA";"BA";"AVERAGE";"Money_per_MWh";56.5966011246317;"GH2E"
"2035";"SERBIA";"RS";"AVERAGE";"Money_per_MWh";56.679497486614;"GH2E"
"2035";"MALTA";"MT";"AVERAGE";"Money_per_MWh";56.8098400750863;"GH2E"
"2035";"CYPRUS";"CY";"AVERAGE";"Money_per_MWh";60.5247143815466;"GH2E"
"2040";"NORWAY";"NO1";"AVERAGE";"Money_per_MWh";46.1526759760442;"GH2E"
"2040";"NORWAY";"NO2";"AVERAGE";"Money_per_MWh";46.5568628063131;"GH2E"
"2040";"NORWAY";"NO3";"AVERAGE";"Money_per_MWh";46.499443584954;"GH2E"
"2040";"NORWAY";"NO4";"AVERAGE";"Money_per_MWh";46.5539096744408;"GH2E"
"2040";"NORWAY";"NO5";"AVERAGE";"Money_per_MWh";46.3753449262348;"GH2E"
"2040";"DENMARK";"DK1";"AVERAGE";"Money_per_MWh";46.7314051629463;"GH2E"
"2040";"DENMARK";"DK2";"AVERAGE";"Money_per_MWh";46.8265588743354;"GH2E"
"2040";"FINLAND";"FIN";"AVERAGE";"Money_per_MWh";47.9185690870618;"GH2E"
"2040";"GERMANY";"DE4-E";"AVERAGE";"Money_per_MWh";47.0844148527447;"GH2E"
"2040";"GERMANY";"DE4-N";"AVERAGE";"Money_per_MWh";47.0569261044025;"GH2E"
"2040";"GERMANY";"DE4-S";"AVERAGE";"Money_per_MWh";47.3018475773001;"GH2E"
"2040";"GERMANY";"DE4-W";"AVERAGE";"Money_per_MWh";47.4735698745795;"GH2E"
"2040";"NETHERLANDS";"NL";"AVERAGE";"Money_per_MWh";47.1915256839897;"GH2E"
"2040";"SWEDEN";"SE1";"AVERAGE";"Money_per_MWh";46.9670671670041;"GH2E"
"2040";"SWEDEN";"SE2";"AVERAGE";"Money_per_MWh";46.2375061882824;"GH2E"
"2040";"SWEDEN";"SE3";"AVERAGE";"Money_per_MWh";46.6642828416399;"GH2E"
"2040";"SWEDEN";"SE4";"AVERAGE";"Money_per_MWh";46.8280502798772;"GH2E"
"2040";"UNITED_KINGDOM";"UK";"AVERAGE";"Money_per_MWh";46.2642927505788;"GH2E"
"2040";"ESTONIA";"EE";"AVERAGE";"Money_per_MWh";46.5362305569537;"GH2E"
"2040";"LATVIA";"LV";"AVERAGE";"Money_per_MWh";46.292488201488;"GH2E"
"2040";"LITHUANIA";"LT";"AVERAGE";"Money_per_MWh";46.0781277593343;"GH2E"
"2040";"POLAND";"PL";"AVERAGE";"Money_per_MWh";46.6015583013831;"GH2E"
"2040";"BELGIUM";"BE";"AVERAGE";"Money_per_MWh";47.0337591461535;"GH2E"
"2040";"FRANCE";"FR";"AVERAGE";"Money_per_MWh";46.1543643982302;"GH2E"
"2040";"ITALY";"IT";"AVERAGE";"Money_per_MWh";46.8088149686328;"GH2E"
"2040";"SWITZERLAND";"CH";"AVERAGE";"Money_per_MWh";47.1072802923688;"GH2E"
"2040";"AUSTRIA";"AT";"AVERAGE";"Money_per_MWh";47.1220850709499;"GH2E"
"2040";"CZECH_REPUBLIC";"CZ";"AVERAGE";"Money_per_MWh";47.0957171606807;"GH2E"
"2040";"SPAIN";"ES";"AVERAGE";"Money_per_MWh";44.2144718576165;"GH2E"
"2040";"PORTUGAL";"PT";"AVERAGE";"Money_per_MWh";43.5411084620979;"GH2E"
"2040";"SLOVAKIA";"SK";"AVERAGE";"Money_per_MWh";46.930239647278;"GH2E"
"2040";"HUNGARY";"HU";"AVERAGE";"Money_per_MWh";46.9787190194658;"GH2E"
"2040";"SLOVENIA";"SI";"AVERAGE";"Money_per_MWh";47.2679811651713;"GH2E"
"2040";"CROATIA";"HR";"AVERAGE";"Money_per_MWh";47.2932687252171;"GH2E"
"2040";"ROMANIA";"RO";"AVERAGE";"Money_per_MWh";46.9025323583342;"GH2E"
"2040";"BULGARIA";"BG";"AVERAGE";"Money_per_MWh";46.7088822554932;"GH2E"
"2040";"GREECE";"GR";"AVERAGE";"Money_per_MWh";47.6077618754905;"GH2E"
"2040";"IRELAND";"IE";"AVERAGE";"Money_per_MWh";45.8054061389757;"GH2E"
"2040";"LUXEMBOURG";"LU";"AVERAGE";"Money_per_MWh";47.2661991033766;"GH2E"
"2040";"ALBANIA";"AL";"AVERAGE";"Money_per_MWh";48.1181079803631;"GH2E"
"2040";"MONTENEGRO";"ME";"AVERAGE";"Money_per_MWh";50.9493227309318;"GH2E"
"2040";"NORTH_MACEDONIA";"MK";"AVERAGE";"Money_per_MWh";47.3739253706088;"GH2E"
"2040";"BOSNIA_AND_HERZEGOVINA";"BA";"AVERAGE";"Money_per_MWh";47.7989541686483;"GH2E"
"2040";"SERBIA";"RS";"AVERAGE";"Money_per_MWh";47.6244498563273;"GH2E"
"2040";"MALTA";"MT";"AVERAGE";"Money_per_MWh";47.714743786362;"GH2E"
"2040";"CYPRUS";"CY";"AVERAGE";"Money_per_MWh";46.5095719450548;"GH2E"
"2045";"NORWAY";"NO1";"AVERAGE";"Money_per_MWh";46.5560393316784;"GH2E"
"2045";"NORWAY";"NO2";"AVERAGE";"Money_per_MWh";46.6588403986321;"GH2E"
"2045";"NORWAY";"NO3";"AVERAGE";"Money_per_MWh";47.005873045608;"GH2E"
"2045";"NORWAY";"NO4";"AVERAGE";"Money_per_MWh";47.0634989063809;"GH2E"
"2045";"NORWAY";"NO5";"AVERAGE";"Money_per_MWh";46.4729383389637;"GH2E"
"2045";"DENMARK";"DK1";"AVERAGE";"Money_per_MWh";46.673934051856;"GH2E"
"2045";"DENMARK";"DK2";"AVERAGE";"Money_per_MWh";46.847878110198;"GH2E"
"2045";"FINLAND";"FIN";"AVERAGE";"Money_per_MWh";47.6622576430792;"GH2E"
"2045";"GERMANY";"DE4-E";"AVERAGE";"Money_per_MWh";46.9468971831845;"GH2E"
"2045";"GERMANY";"DE4-N";"AVERAGE";"Money_per_MWh";47.0270092515718;"GH2E"
"2045";"GERMANY";"DE4-S";"AVERAGE";"Money_per_MWh";47.0094116356382;"GH2E"
"2045";"GERMANY";"DE4-W";"AVERAGE";"Money_per_MWh";47.3814138857674;"GH2E"
"2045";"NETHERLANDS";"NL";"AVERAGE";"Money_per_MWh";47.416168005032;"GH2E"
"2045";"SWEDEN";"SE1";"AVERAGE";"Money_per_MWh";47.253033692679;"GH2E"
"2045";"SWEDEN";"SE2";"AVERAGE";"Money_per_MWh";47.0323236245697;"GH2E"
"2045";"SWEDEN";"SE3";"AVERAGE";"Money_per_MWh";46.8940829461979;"GH2E"
"2045";"SWEDEN";"SE4";"AVERAGE";"Money_per_MWh";46.9258224354701;"GH2E"
"2045";"UNITED_KINGDOM";"UK";"AVERAGE";"Money_per_MWh";46.4859500244591;"GH2E"
"2045";"ESTONIA";"EE";"AVERAGE";"Money_per_MWh";46.1233053859622;"GH2E"
"2045";"LATVIA";"LV";"AVERAGE";"Money_per_MWh";45.7445107145702;"GH2E"
"2045";"LITHUANIA";"LT";"AVERAGE";"Money_per_MWh";45.6705976220845;"GH2E"
"2045";"POLAND";"PL";"AVERAGE";"Money_per_MWh";46.458261996595;"GH2E"
"2045";"BELGIUM";"BE";"AVERAGE";"Money_per_MWh";47.1562066946509;"GH2E"
"2045";"FRANCE";"FR";"AVERAGE";"Money_per_MWh";46.2844734783506;"GH2E"
"2045";"ITALY";"IT";"AVERAGE";"Money_per_MWh";46.4098787736436;"GH2E"
"2045";"SWITZERLAND";"CH";"AVERAGE";"Money_per_MWh";46.7186482214144;"GH2E"
"2045";"AUSTRIA";"AT";"AVERAGE";"Money_per_MWh";46.8163004182893;"GH2E"
"2045";"CZECH_REPUBLIC";"CZ";"AVERAGE";"Money_per_MWh";46.8407107983409;"GH2E"
"2045";"SPAIN";"ES";"AVERAGE";"Money_per_MWh";44.3378190692359;"GH2E"
"2045";"PORTUGAL";"PT";"AVERAGE";"Money_per_MWh";44.1416622646668;"GH2E"
"2045";"SLOVAKIA";"SK";"AVERAGE";"Money_per_MWh";46.6063875262937;"GH2E"
"2045";"HUNGARY";"HU";"AVERAGE";"Money_per_MWh";46.6023338704795;"GH2E"
"2045";"SLOVENIA";"SI";"AVERAGE";"Money_per_MWh";46.8400844819239;"GH2E"
"2045";"CROATIA";"HR";"AVERAGE";"Money_per_MWh";46.8905415547429;"GH2E"
"2045";"ROMANIA";"RO";"AVERAGE";"Money_per_MWh";46.54757037678;"GH2E"
"2045";"BULGARIA";"BG";"AVERAGE";"Money_per_MWh";46.4565895539278;"GH2E"
"2045";"GREECE";"GR";"AVERAGE";"Money_per_MWh";47.2066556815317;"GH2E"
"2045";"IRELAND";"IE";"AVERAGE";"Money_per_MWh";45.9954961609292;"GH2E"
"2045";"LUXEMBOURG";"LU";"AVERAGE";"Money_per_MWh";47.3197661437621;"GH2E"
"2045";"ALBANIA";"AL";"AVERAGE";"Money_per_MWh";47.5153676619121;"GH2E"
"2045";"MONTENEGRO";"ME";"AVERAGE";"Money_per_MWh";49.9249012185699;"GH2E"
"2045";"NORTH_MACEDONIA";"MK";"AVERAGE";"Money_per_MWh";47.131736786744;"GH2E"
"2045";"BOSNIA_AND_HERZEGOVINA";"BA";"AVERAGE";"Money_per_MWh";47.3930110802405;"GH2E"
"2045";"SERBIA";"RS";"AVERAGE";"Money_per_MWh";47.3540300521447;"GH2E"
"2045";"MALTA";"MT";"AVERAGE";"Money_per_MWh";47.7970325356645;"GH2E"
"2045";"CYPRUS";"CY";"AVERAGE";"Money_per_MWh";44.8783271017149;"GH2E"
"2050";"NORWAY";"NO1";"AVERAGE";"Money_per_MWh";42.0076571466801;"GH2E"
"2050";"NORWAY";"NO2";"AVERAGE";"Money_per_MWh";41.9373652489906;"GH2E"
"2050";"NORWAY";"NO3";"AVERAGE";"Money_per_MWh";42.3303728898331;"GH2E"
"2050";"NORWAY";"NO4";"AVERAGE";"Money_per_MWh";42.3309287867995;"GH2E"
"2050";"NORWAY";"NO5";"AVERAGE";"Money_per_MWh";41.7697497506139;"GH2E"
"2050";"DENMARK";"DK1";"AVERAGE";"Money_per_MWh";41.6886031441797;"GH2E"
"2050";"DENMARK";"DK2";"AVERAGE";"Money_per_MWh";41.8093413762995;"GH2E"
"2050";"FINLAND";"FIN";"AVERAGE";"Money_per_MWh";42.5735678031915;"GH2E"
"2050";"GERMANY";"DE4-E";"AVERAGE";"Money_per_MWh";41.9538682502921;"GH2E"
"2050";"GERMANY";"DE4-N";"AVERAGE";"Money_per_MWh";41.9868747754754;"GH2E"
"2050";"GERMANY";"DE4-S";"AVERAGE";"Money_per_MWh";42.0543478018167;"GH2E"
"2050";"GERMANY";"DE4-W";"AVERAGE";"Money_per_MWh";42.2741417159677;"GH2E"
"2050";"NETHERLANDS";"NL";"AVERAGE";"Money_per_MWh";42.4168651936139;"GH2E"
"2050";"SWEDEN";"SE1";"AVERAGE";"Money_per_MWh";42.2031688376853;"GH2E"
"2050";"SWEDEN";"SE2";"AVERAGE";"Money_per_MWh";42.2719858776967;"GH2E"
"2050";"SWEDEN";"SE3";"AVERAGE";"Money_per_MWh";42.3461753351073;"GH2E"
"2050";"SWEDEN";"SE4";"AVERAGE";"Money_per_MWh";42.1122759319353;"GH2E"
"2050";"UNITED_KINGDOM";"UK";"AVERAGE";"Money_per_MWh";41.5701386826899;"GH2E"
"2050";"ESTONIA";"EE";"AVERAGE";"Money_per_MWh";41.1464894908925;"GH2E"
"2050";"LATVIA";"LV";"AVERAGE";"Money_per_MWh";40.8617032965356;"GH2E"
"2050";"LITHUANIA";"LT";"AVERAGE";"Money_per_MWh";40.6840152038786;"GH2E"
"2050";"POLAND";"PL";"AVERAGE";"Money_per_MWh";41.3306144821962;"GH2E"
"2050";"BELGIUM";"BE";"AVERAGE";"Money_per_MWh";42.136920322027;"GH2E"
"2050";"FRANCE";"FR";"AVERAGE";"Money_per_MWh";41.2901928602326;"GH2E"
"2050";"ITALY";"IT";"AVERAGE";"Money_per_MWh";41.7582586460649;"GH2E"
"2050";"SWITZERLAND";"CH";"AVERAGE";"Money_per_MWh";41.951597370855;"GH2E"
"2050";"AUSTRIA";"AT";"AVERAGE";"Money_per_MWh";41.7330770308842;"GH2E"
"2050";"CZECH_REPUBLIC";"CZ";"AVERAGE";"Money_per_MWh";41.516009263956;"GH2E"
"2050";"SPAIN";"ES";"AVERAGE";"Money_per_MWh";39.4302379910744;"GH2E"
"2050";"PORTUGAL";"PT";"AVERAGE";"Money_per_MWh";39.1789564079978;"GH2E"
"2050";"SLOVAKIA";"SK";"AVERAGE";"Money_per_MWh";41.1605674258959;"GH2E"
"2050";"HUNGARY";"HU";"AVERAGE";"Money_per_MWh";40.9852879698255;"GH2E"
"2050";"SLOVENIA";"SI";"AVERAGE";"Money_per_MWh";41.4252819356104;"GH2E"
"2050";"CROATIA";"HR";"AVERAGE";"Money_per_MWh";41.2546207814857;"GH2E"
"2050";"ROMANIA";"RO";"AVERAGE";"Money_per_MWh";40.6368250145442;"GH2E"
"2050";"BULGARIA";"BG";"AVERAGE";"Money_per_MWh";40.4174725212498;"GH2E"
"2050";"GREECE";"GR";"AVERAGE";"Money_per_MWh";39.1644766261669;"GH2E"
"2050";"IRELAND";"IE";"AVERAGE";"Money_per_MWh";41.1105895031372;"GH2E"
"2050";"LUXEMBOURG";"LU";"AVERAGE";"Money_per_MWh";42.14688923935;"GH2E"
"2050";"ALBANIA";"AL";"AVERAGE";"Money_per_MWh";40.0288907825722;"GH2E"
"2050";"MONTENEGRO";"ME";"AVERAGE";"Money_per_MWh";42.8848048600341;"GH2E"
"2050";"NORTH_MACEDONIA";"MK";"AVERAGE";"Money_per_MWh";40.1180442644491;"GH2E"
"2050";"BOSNIA_AND_HERZEGOVINA";"BA";"AVERAGE";"Money_per_MWh";41.2791380499354;"GH2E"
"2050";"SERBIA";"RS";"AVERAGE";"Money_per_MWh";40.7728678147917;"GH2E"
"2050";"MALTA";"MT";"AVERAGE";"Money_per_MWh";44.7788772548821;"GH2E"
"2050";"CYPRUS";"CY";"AVERAGE";"Money_per_MWh";37.0128354828014;"GH2E"
"2020";"NORWAY";"NO1";"AVERAGE";"Money_per_MWh";0;"H2E"
"2020";"NORWAY";"NO2";"AVERAGE";"Money_per_MWh";0;"H2E"
"2020";"NORWAY";"NO3";"AVERAGE";"Money_per_MWh";0;"H2E"
"2020";"NORWAY";"NO4";"AVERAGE";"Money_per_MWh";0;"H2E"
"2020";"NORWAY";"NO5";"AVERAGE";"Money_per_MWh";0;"H2E"
"2020";"DENMARK";"DK1";"AVERAGE";"Money_per_MWh";0;"H2E"
"2020";"DENMARK";"DK2";"AVERAGE";"Money_per_MWh";0;"H2E"
"2020";"FINLAND";"FIN";"AVERAGE";"Money_per_MWh";0;"H2E"
"2020";"GERMANY";"DE4-E";"AVERAGE";"Money_per_MWh";0;"H2E"
"2020";"GERMANY";"DE4-N";"AVERAGE";"Money_per_MWh";0;"H2E"
"2020";"GERMANY";"DE4-S";"AVERAGE";"Money_per_MWh";0;"H2E"
"2020";"GERMANY";"DE4-W";"AVERAGE";"Money_per_MWh";0;"H2E"
"2020";"NETHERLANDS";"NL";"AVERAGE";"Money_per_MWh";0;"H2E"
"2020";"SWEDEN";"SE1";"AVERAGE";"Money_per_MWh";0;"H2E"
"2020";"SWEDEN";"SE2";"AVERAGE";"Money_per_MWh";0;"H2E"
"2020";"SWEDEN";"SE3";"AVERAGE";"Money_per_MWh";0;"H2E"
"2020";"SWEDEN";"SE4";"AVERAGE";"Money_per_MWh";0;"H2E"
"2020";"UNITED_KINGDOM";"UK";"AVERAGE";"Money_per_MWh";0;"H2E"
"2020";"ESTONIA";"EE";"AVERAGE";"Money_per_MWh";0;"H2E"
"2020";"LATVIA";"LV";"AVERAGE";"Money_per_MWh";0;"H2E"
"2020";"LITHUANIA";"LT";"AVERAGE";"Money_per_MWh";0;"H2E"
"2020";"POLAND";"PL";"AVERAGE";"Money_per_MWh";0;"H2E"
"2020";"BELGIUM";"BE";"AVERAGE";"Money_per_MWh";0;"H2E"
"2020";"FRANCE";"FR";"AVERAGE";"Money_per_MWh";0;"H2E"
"2020";"ITALY";"IT";"AVERAGE";"Money_per_MWh";0;"H2E"
"2020";"SWITZERLAND";"CH";"AVERAGE";"Money_per_MWh";0;"H2E"
"2020";"AUSTRIA";"AT";"AVERAGE";"Money_per_MWh";0;"H2E"
"2020";"CZECH_REPUBLIC";"CZ";"AVERAGE";"Money_per_MWh";0;"H2E"
"2020";"SPAIN";"ES";"AVERAGE";"Money_per_MWh";0;"H2E"
"2020";"PORTUGAL";"PT";"AVERAGE";"Money_per_MWh";0;"H2E"
"2020";"SLOVAKIA";"SK";"AVERAGE";"Money_per_MWh";0;"H2E"
"2020";"HUNGARY";"HU";"AVERAGE";"Money_per_MWh";0;"H2E"
"2020";"SLOVENIA";"SI";"AVERAGE";"Money_per_MWh";0;"H2E"
"2020";"CROATIA";"HR";"AVERAGE";"Money_per_MWh";0;"H2E"
"2020";"ROMANIA";"RO";"AVERAGE";"Money_per_MWh";0;"H2E"
"2020";"BULGARIA";"BG";"AVERAGE";"Money_per_MWh";0;"H2E"
"2020";"GREECE";"GR";"AVERAGE";"Money_per_MWh";0;"H2E"
"2020";"IRELAND";"IE";"AVERAGE";"Money_per_MWh";0;"H2E"
"2020";"LUXEMBOURG";"LU";"AVERAGE";"Money_per_MWh";0;"H2E"
"2020";"ALBANIA";"AL";"AVERAGE";"Money_per_MWh";0;"H2E"
"2020";"MONTENEGRO";"ME";"AVERAGE";"Money_per_MWh";0;"H2E"
"2020";"NORTH_MACEDONIA";"MK";"AVERAGE";"Money_per_MWh";0;"H2E"
"2020";"BOSNIA_AND_HERZEGOVINA";"BA";"AVERAGE";"Money_per_MWh";0;"H2E"
"2020";"SERBIA";"RS";"AVERAGE";"Money_per_MWh";0;"H2E"
"2020";"MALTA";"MT";"AVERAGE";"Money_per_MWh";0;"H2E"
"2020";"CYPRUS";"CY";"AVERAGE";"Money_per_MWh";0;"H2E"
"2025";"NORWAY";"NO1";"AVERAGE";"Money_per_MWh";42.833691240608;"H2E"
"2025";"NORWAY";"NO2";"AVERAGE";"Money_per_MWh";42.8060619224639;"H2E"
"2025";"NORWAY";"NO3";"AVERAGE";"Money_per_MWh";42.7997915227826;"H2E"
"2025";"NORWAY";"NO4";"AVERAGE";"Money_per_MWh";42.6892797010306;"H2E"
"2025";"NORWAY";"NO5";"AVERAGE";"Money_per_MWh";42.804864214383;"H2E"
"2025";"DENMARK";"DK1";"AVERAGE";"Money_per_MWh";44.9566700369117;"H2E"
"2025";"DENMARK";"DK2";"AVERAGE";"Money_per_MWh";44.8761932506559;"H2E"
"2025";"FINLAND";"FIN";"AVERAGE";"Money_per_MWh";43.3579061612894;"H2E"
"2025";"GERMANY";"DE4-E";"AVERAGE";"Money_per_MWh";45.5251692271515;"H2E"
"2025";"GERMANY";"DE4-N";"AVERAGE";"Money_per_MWh";45.4624546154638;"H2E"
"2025";"GERMANY";"DE4-S";"AVERAGE";"Money_per_MWh";45.9843562101468;"H2E"
"2025";"GERMANY";"DE4-W";"AVERAGE";"Money_per_MWh";45.5477735954223;"H2E"
"2025";"NETHERLANDS";"NL";"AVERAGE";"Money_per_MWh";45.8811425296088;"H2E"
"2025";"SWEDEN";"SE1";"AVERAGE";"Money_per_MWh";37.2994867145377;"H2E"
"2025";"SWEDEN";"SE2";"AVERAGE";"Money_per_MWh";38.0996324402505;"H2E"
"2025";"SWEDEN";"SE3";"AVERAGE";"Money_per_MWh";41.2138963917935;"H2E"
"2025";"SWEDEN";"SE4";"AVERAGE";"Money_per_MWh";41.9394424319873;"H2E"
"2025";"UNITED_KINGDOM";"UK";"AVERAGE";"Money_per_MWh";44.7788864808655;"H2E"
"2025";"ESTONIA";"EE";"AVERAGE";"Money_per_MWh";44.3433755324226;"H2E"
"2025";"LATVIA";"LV";"AVERAGE";"Money_per_MWh";44.3525579591556;"H2E"
"2025";"LITHUANIA";"LT";"AVERAGE";"Money_per_MWh";44.3297237745321;"H2E"
"2025";"POLAND";"PL";"AVERAGE";"Money_per_MWh";45.455485680388;"H2E"
"2025";"BELGIUM";"BE";"AVERAGE";"Money_per_MWh";45.9369418914873;"H2E"
"2025";"FRANCE";"FR";"AVERAGE";"Money_per_MWh";42.3589826314406;"H2E"
"2025";"ITALY";"IT";"AVERAGE";"Money_per_MWh";45.1239477801122;"H2E"
"2025";"SWITZERLAND";"CH";"AVERAGE";"Money_per_MWh";45.4907645706321;"H2E"
"2025";"AUSTRIA";"AT";"AVERAGE";"Money_per_MWh";45.304018866076;"H2E"
"2025";"CZECH_REPUBLIC";"CZ";"AVERAGE";"Money_per_MWh";46.1390098306985;"H2E"
"2025";"SPAIN";"ES";"AVERAGE";"Money_per_MWh";43.0827758934677;"H2E"
"2025";"PORTUGAL";"PT";"AVERAGE";"Money_per_MWh";43.4666680147976;"H2E"
"2025";"SLOVAKIA";"SK";"AVERAGE";"Money_per_MWh";45.7255783993124;"H2E"
"2025";"HUNGARY";"HU";"AVERAGE";"Money_per_MWh";45.9791663860349;"H2E"
"2025";"SLOVENIA";"SI";"AVERAGE";"Money_per_MWh";45.939127017764;"H2E"
"2025";"CROATIA";"HR";"AVERAGE";"Money_per_MWh";45.9132254853713;"H2E"
"2025";"ROMANIA";"RO";"AVERAGE";"Money_per_MWh";45.6207085468315;"H2E"
"2025";"BULGARIA";"BG";"AVERAGE";"Money_per_MWh";45.6255333089979;"H2E"
"2025";"GREECE";"GR";"AVERAGE";"Money_per_MWh";45.9339685073828;"H2E"
"2025";"IRELAND";"IE";"AVERAGE";"Money_per_MWh";44.3072039330394;"H2E"
"2025";"LUXEMBOURG";"LU";"AVERAGE";"Money_per_MWh";45.5526673246739;"H2E"
"2025";"ALBANIA";"AL";"AVERAGE";"Money_per_MWh";45.7227989646136;"H2E"
"2025";"MONTENEGRO";"ME";"AVERAGE";"Money_per_MWh";45.876066310571;"H2E"
"2025";"NORTH_MACEDONIA";"MK";"AVERAGE";"Money_per_MWh";45.7899059977384;"H2E"
"2025";"BOSNIA_AND_HERZEGOVINA";"BA";"AVERAGE";"Money_per_MWh";45.9728680165092;"H2E"
"2025";"SERBIA";"RS";"AVERAGE";"Money_per_MWh";46.0301864978531;"H2E"
"2025";"MALTA";"MT";"AVERAGE";"Money_per_MWh";27.1505103061701;"H2E"
"2025";"CYPRUS";"CY";"AVERAGE";"Money_per_MWh";22.8494940433071;"H2E"
"2030";"NORWAY";"NO1";"AVERAGE";"Money_per_MWh";35.6782447979382;"H2E"
"2030";"NORWAY";"NO2";"AVERAGE";"Money_per_MWh";35.6517321726013;"H2E"
"2030";"NORWAY";"NO3";"AVERAGE";"Money_per_MWh";35.6229306162703;"H2E"
"2030";"NORWAY";"NO4";"AVERAGE";"Money_per_MWh";35.4968575465526;"H2E"
"2030";"NORWAY";"NO5";"AVERAGE";"Money_per_MWh";35.649881101048;"H2E"
"2030";"DENMARK";"DK1";"AVERAGE";"Money_per_MWh";37.1005554004696;"H2E"
"2030";"DENMARK";"DK2";"AVERAGE";"Money_per_MWh";36.911247822385;"H2E"
"2030";"FINLAND";"FIN";"AVERAGE";"Money_per_MWh";36.32264839164;"H2E"
"2030";"GERMANY";"DE4-E";"AVERAGE";"Money_per_MWh";37.6102697880501;"H2E"
"2030";"GERMANY";"DE4-N";"AVERAGE";"Money_per_MWh";36.667560887991;"H2E"
"2030";"GERMANY";"DE4-S";"AVERAGE";"Money_per_MWh";37.7186338849658;"H2E"
"2030";"GERMANY";"DE4-W";"AVERAGE";"Money_per_MWh";37.1519275433195;"H2E"
"2030";"NETHERLANDS";"NL";"AVERAGE";"Money_per_MWh";37.9059401626142;"H2E"
"2030";"SWEDEN";"SE1";"AVERAGE";"Money_per_MWh";35.1984386559771;"H2E"
"2030";"SWEDEN";"SE2";"AVERAGE";"Money_per_MWh";35.8393478380213;"H2E"
"2030";"SWEDEN";"SE3";"AVERAGE";"Money_per_MWh";36.1787196842323;"H2E"
"2030";"SWEDEN";"SE4";"AVERAGE";"Money_per_MWh";36.2001175645971;"H2E"
"2030";"UNITED_KINGDOM";"UK";"AVERAGE";"Money_per_MWh";37.1099446816783;"H2E"
"2030";"ESTONIA";"EE";"AVERAGE";"Money_per_MWh";36.8168352211073;"H2E"
"2030";"LATVIA";"LV";"AVERAGE";"Money_per_MWh";36.81545462794;"H2E"
"2030";"LITHUANIA";"LT";"AVERAGE";"Money_per_MWh";36.8624054777266;"H2E"
"2030";"POLAND";"PL";"AVERAGE";"Money_per_MWh";37.5371778490064;"H2E"
"2030";"BELGIUM";"BE";"AVERAGE";"Money_per_MWh";37.7526063658583;"H2E"
"2030";"FRANCE";"FR";"AVERAGE";"Money_per_MWh";37.0948115270232;"H2E"
"2030";"ITALY";"IT";"AVERAGE";"Money_per_MWh";36.9779477810488;"H2E"
"2030";"SWITZERLAND";"CH";"AVERAGE";"Money_per_MWh";37.3841653552973;"H2E"
"2030";"AUSTRIA";"AT";"AVERAGE";"Money_per_MWh";37.6283030139703;"H2E"
"2030";"CZECH_REPUBLIC";"CZ";"AVERAGE";"Money_per_MWh";38.0112479719874;"H2E"
"2030";"SPAIN";"ES";"AVERAGE";"Money_per_MWh";37.148837673548;"H2E"
"2030";"PORTUGAL";"PT";"AVERAGE";"Money_per_MWh";36.360459775967;"H2E"
"2030";"SLOVAKIA";"SK";"AVERAGE";"Money_per_MWh";37.8113007448951;"H2E"
"2030";"HUNGARY";"HU";"AVERAGE";"Money_per_MWh";37.8797568886746;"H2E"
"2030";"SLOVENIA";"SI";"AVERAGE";"Money_per_MWh";37.864340902487;"H2E"
"2030";"CROATIA";"HR";"AVERAGE";"Money_per_MWh";37.8750329626581;"H2E"
"2030";"ROMANIA";"RO";"AVERAGE";"Money_per_MWh";37.782337007733;"H2E"
"2030";"BULGARIA";"BG";"AVERAGE";"Money_per_MWh";37.72269024451;"H2E"
"2030";"GREECE";"GR";"AVERAGE";"Money_per_MWh";37.8344572596901;"H2E"
"2030";"IRELAND";"IE";"AVERAGE";"Money_per_MWh";36.9061945551676;"H2E"
"2030";"LUXEMBOURG";"LU";"AVERAGE";"Money_per_MWh";37.6607040500837;"H2E"
"2030";"ALBANIA";"AL";"AVERAGE";"Money_per_MWh";37.6401155791665;"H2E"
"2030";"MONTENEGRO";"ME";"AVERAGE";"Money_per_MWh";37.6815658466367;"H2E"
"2030";"NORTH_MACEDONIA";"MK";"AVERAGE";"Money_per_MWh";37.7790889809513;"H2E"
"2030";"BOSNIA_AND_HERZEGOVINA";"BA";"AVERAGE";"Money_per_MWh";37.8826832141663;"H2E"
"2030";"SERBIA";"RS";"AVERAGE";"Money_per_MWh";37.922088336973;"H2E"
"2030";"MALTA";"MT";"AVERAGE";"Money_per_MWh";37.7029208240251;"H2E"
"2030";"CYPRUS";"CY";"AVERAGE";"Money_per_MWh";37.6947106308462;"H2E"
"2035";"NORWAY";"NO1";"AVERAGE";"Money_per_MWh";36.9232090536871;"H2E"
"2035";"NORWAY";"NO2";"AVERAGE";"Money_per_MWh";36.6604810319428;"H2E"
"2035";"NORWAY";"NO3";"AVERAGE";"Money_per_MWh";36.6422335861963;"H2E"
"2035";"NORWAY";"NO4";"AVERAGE";"Money_per_MWh";36.3917008761779;"H2E"
"2035";"NORWAY";"NO5";"AVERAGE";"Money_per_MWh";36.8712927312467;"H2E"
"2035";"DENMARK";"DK1";"AVERAGE";"Money_per_MWh";37.4505594519271;"H2E"
"2035";"DENMARK";"DK2";"AVERAGE";"Money_per_MWh";37.5080240721338;"H2E"
"2035";"FINLAND";"FIN";"AVERAGE";"Money_per_MWh";36.78023667966;"H2E"
"2035";"GERMANY";"DE4-E";"AVERAGE";"Money_per_MWh";37.8059256377462;"H2E"
"2035";"GERMANY";"DE4-N";"AVERAGE";"Money_per_MWh";37.5839993518075;"H2E"
"2035";"GERMANY";"DE4-S";"AVERAGE";"Money_per_MWh";38.0030261260127;"H2E"
"2035";"GERMANY";"DE4-W";"AVERAGE";"Money_per_MWh";37.8040590238701;"H2E"
"2035";"NETHERLANDS";"NL";"AVERAGE";"Money_per_MWh";37.9368871604655;"H2E"
"2035";"SWEDEN";"SE1";"AVERAGE";"Money_per_MWh";36.549701182117;"H2E"
"2035";"SWEDEN";"SE2";"AVERAGE";"Money_per_MWh";36.6818714376844;"H2E"
"2035";"SWEDEN";"SE3";"AVERAGE";"Money_per_MWh";37.0592637317162;"H2E"
"2035";"SWEDEN";"SE4";"AVERAGE";"Money_per_MWh";37.2278925496236;"H2E"
"2035";"UNITED_KINGDOM";"UK";"AVERAGE";"Money_per_MWh";37.5598241864379;"H2E"
"2035";"ESTONIA";"EE";"AVERAGE";"Money_per_MWh";36.987976645322;"H2E"
"2035";"LATVIA";"LV";"AVERAGE";"Money_per_MWh";37.1611088381324;"H2E"
"2035";"LITHUANIA";"LT";"AVERAGE";"Money_per_MWh";37.3525281808486;"H2E"
"2035";"POLAND";"PL";"AVERAGE";"Money_per_MWh";37.6902529671982;"H2E"
"2035";"BELGIUM";"BE";"AVERAGE";"Money_per_MWh";37.869265202991;"H2E"
"2035";"FRANCE";"FR";"AVERAGE";"Money_per_MWh";37.6528377502358;"H2E"
"2035";"ITALY";"IT";"AVERAGE";"Money_per_MWh";37.9915010708001;"H2E"
"2035";"SWITZERLAND";"CH";"AVERAGE";"Money_per_MWh";37.7399657211067;"H2E"
"2035";"AUSTRIA";"AT";"AVERAGE";"Money_per_MWh";37.9785730471319;"H2E"
"2035";"CZECH_REPUBLIC";"CZ";"AVERAGE";"Money_per_MWh";37.9310967246162;"H2E"
"2035";"SPAIN";"ES";"AVERAGE";"Money_per_MWh";37.4418634055961;"H2E"
"2035";"PORTUGAL";"PT";"AVERAGE";"Money_per_MWh";37.4328572514012;"H2E"
"2035";"SLOVAKIA";"SK";"AVERAGE";"Money_per_MWh";37.8647819445051;"H2E"
"2035";"HUNGARY";"HU";"AVERAGE";"Money_per_MWh";37.9612229339107;"H2E"
"2035";"SLOVENIA";"SI";"AVERAGE";"Money_per_MWh";37.9999638937418;"H2E"
"2035";"CROATIA";"HR";"AVERAGE";"Money_per_MWh";37.943647126099;"H2E"
"2035";"ROMANIA";"RO";"AVERAGE";"Money_per_MWh";37.8754850408028;"H2E"
"2035";"BULGARIA";"BG";"AVERAGE";"Money_per_MWh";37.9334378355625;"H2E"
"2035";"GREECE";"GR";"AVERAGE";"Money_per_MWh";38.1224983931321;"H2E"
"2035";"IRELAND";"IE";"AVERAGE";"Money_per_MWh";37.1650624689885;"H2E"
"2035";"LUXEMBOURG";"LU";"AVERAGE";"Money_per_MWh";37.8497392925441;"H2E"
"2035";"ALBANIA";"AL";"AVERAGE";"Money_per_MWh";37.9025094404054;"H2E"
"2035";"MONTENEGRO";"ME";"AVERAGE";"Money_per_MWh";37.9037750126493;"H2E"
"2035";"NORTH_MACEDONIA";"MK";"AVERAGE";"Money_per_MWh";37.956922183325;"H2E"
"2035";"BOSNIA_AND_HERZEGOVINA";"BA";"AVERAGE";"Money_per_MWh";37.9426917565052;"H2E"
"2035";"SERBIA";"RS";"AVERAGE";"Money_per_MWh";38.0072865262094;"H2E"
"2035";"MALTA";"MT";"AVERAGE";"Money_per_MWh";37.996428782254;"H2E"
"2035";"CYPRUS";"CY";"AVERAGE";"Money_per_MWh";38.0167745639085;"H2E"
"2040";"NORWAY";"NO1";"AVERAGE";"Money_per_MWh";37.5228997752058;"H2E"
"2040";"NORWAY";"NO2";"AVERAGE";"Money_per_MWh";37.0974252315521;"H2E"
"2040";"NORWAY";"NO3";"AVERAGE";"Money_per_MWh";37.4501083710935;"H2E"
"2040";"NORWAY";"NO4";"AVERAGE";"Money_per_MWh";37.3665649636277;"H2E"
"2040";"NORWAY";"NO5";"AVERAGE";"Money_per_MWh";37.4034112204266;"H2E"
"2040";"DENMARK";"DK1";"AVERAGE";"Money_per_MWh";37.6936651871436;"H2E"
"2040";"DENMARK";"DK2";"AVERAGE";"Money_per_MWh";37.6171792921175;"H2E"
"2040";"FINLAND";"FIN";"AVERAGE";"Money_per_MWh";37.7603768905597;"H2E"
"2040";"GERMANY";"DE4-E";"AVERAGE";"Money_per_MWh";38.2879777335736;"H2E"
"2040";"GERMANY";"DE4-N";"AVERAGE";"Money_per_MWh";37.9525683740322;"H2E"
"2040";"GERMANY";"DE4-S";"AVERAGE";"Money_per_MWh";38.5942262794736;"H2E"
"2040";"GERMANY";"DE4-W";"AVERAGE";"Money_per_MWh";38.3226291806361;"H2E"
"2040";"NETHERLANDS";"NL";"AVERAGE";"Money_per_MWh";38.4178756886321;"H2E"
"2040";"SWEDEN";"SE1";"AVERAGE";"Money_per_MWh";37.4408776757892;"H2E"
"2040";"SWEDEN";"SE2";"AVERAGE";"Money_per_MWh";37.521179263213;"H2E"
"2040";"SWEDEN";"SE3";"AVERAGE";"Money_per_MWh";37.5675564084208;"H2E"
"2040";"SWEDEN";"SE4";"AVERAGE";"Money_per_MWh";37.2584890924235;"H2E"
"2040";"UNITED_KINGDOM";"UK";"AVERAGE";"Money_per_MWh";37.6366584684702;"H2E"
"2040";"ESTONIA";"EE";"AVERAGE";"Money_per_MWh";37.864381673048;"H2E"
"2040";"LATVIA";"LV";"AVERAGE";"Money_per_MWh";37.8870607220458;"H2E"
"2040";"LITHUANIA";"LT";"AVERAGE";"Money_per_MWh";37.7979646583469;"H2E"
"2040";"POLAND";"PL";"AVERAGE";"Money_per_MWh";38.3084252045776;"H2E"
"2040";"BELGIUM";"BE";"AVERAGE";"Money_per_MWh";38.5120879411191;"H2E"
"2040";"FRANCE";"FR";"AVERAGE";"Money_per_MWh";38.3919485201401;"H2E"
"2040";"ITALY";"IT";"AVERAGE";"Money_per_MWh";38.6725172164917;"H2E"
"2040";"SWITZERLAND";"CH";"AVERAGE";"Money_per_MWh";38.4968777946887;"H2E"
"2040";"AUSTRIA";"AT";"AVERAGE";"Money_per_MWh";38.6058675121543;"H2E"
"2040";"CZECH_REPUBLIC";"CZ";"AVERAGE";"Money_per_MWh";38.6081214054834;"H2E"
"2040";"SPAIN";"ES";"AVERAGE";"Money_per_MWh";38.0618534999825;"H2E"
"2040";"PORTUGAL";"PT";"AVERAGE";"Money_per_MWh";38.1391324594875;"H2E"
"2040";"SLOVAKIA";"SK";"AVERAGE";"Money_per_MWh";38.521465725705;"H2E"
"2040";"HUNGARY";"HU";"AVERAGE";"Money_per_MWh";38.6314648866669;"H2E"
"2040";"SLOVENIA";"SI";"AVERAGE";"Money_per_MWh";38.6436304151311;"H2E"
"2040";"CROATIA";"HR";"AVERAGE";"Money_per_MWh";38.5931399107201;"H2E"
"2040";"ROMANIA";"RO";"AVERAGE";"Money_per_MWh";38.5689069304497;"H2E"
"2040";"BULGARIA";"BG";"AVERAGE";"Money_per_MWh";38.5352926344031;"H2E"
"2040";"GREECE";"GR";"AVERAGE";"Money_per_MWh";38.5224441933204;"H2E"
"2040";"IRELAND";"IE";"AVERAGE";"Money_per_MWh";37.2573832669204;"H2E"
"2040";"LUXEMBOURG";"LU";"AVERAGE";"Money_per_MWh";38.4692532336315;"H2E"
"2040";"ALBANIA";"AL";"AVERAGE";"Money_per_MWh";38.5568302501594;"H2E"
"2040";"MONTENEGRO";"ME";"AVERAGE";"Money_per_MWh";38.5759793834099;"H2E"
"2040";"NORTH_MACEDONIA";"MK";"AVERAGE";"Money_per_MWh";38.5700507256483;"H2E"
"2040";"BOSNIA_AND_HERZEGOVINA";"BA";"AVERAGE";"Money_per_MWh";38.5600551843164;"H2E"
"2040";"SERBIA";"RS";"AVERAGE";"Money_per_MWh";38.6776186793551;"H2E"
"2040";"MALTA";"MT";"AVERAGE";"Money_per_MWh";38.7202259657914;"H2E"
"2040";"CYPRUS";"CY";"AVERAGE";"Money_per_MWh";38.4895215043303;"H2E"
"2045";"NORWAY";"NO1";"AVERAGE";"Money_per_MWh";41.2631146013163;"H2E"
"2045";"NORWAY";"NO2";"AVERAGE";"Money_per_MWh";40.8657512638548;"H2E"
"2045";"NORWAY";"NO3";"AVERAGE";"Money_per_MWh";41.0109623166705;"H2E"
"2045";"NORWAY";"NO4";"AVERAGE";"Money_per_MWh";41.019857736569;"H2E"
"2045";"NORWAY";"NO5";"AVERAGE";"Money_per_MWh";40.9691440472516;"H2E"
"2045";"DENMARK";"DK1";"AVERAGE";"Money_per_MWh";41.3527598876387;"H2E"
"2045";"DENMARK";"DK2";"AVERAGE";"Money_per_MWh";41.4053618847639;"H2E"
"2045";"FINLAND";"FIN";"AVERAGE";"Money_per_MWh";41.4180343632794;"H2E"
"2045";"GERMANY";"DE4-E";"AVERAGE";"Money_per_MWh";42.0168084697403;"H2E"
"2045";"GERMANY";"DE4-N";"AVERAGE";"Money_per_MWh";41.5929699985039;"H2E"
"2045";"GERMANY";"DE4-S";"AVERAGE";"Money_per_MWh";42.1684194336692;"H2E"
"2045";"GERMANY";"DE4-W";"AVERAGE";"Money_per_MWh";41.9291002495517;"H2E"
"2045";"NETHERLANDS";"NL";"AVERAGE";"Money_per_MWh";41.99186931468;"H2E"
"2045";"SWEDEN";"SE1";"AVERAGE";"Money_per_MWh";41.1084101919078;"H2E"
"2045";"SWEDEN";"SE2";"AVERAGE";"Money_per_MWh";41.2150868807015;"H2E"
"2045";"SWEDEN";"SE3";"AVERAGE";"Money_per_MWh";41.0486456438005;"H2E"
"2045";"SWEDEN";"SE4";"AVERAGE";"Money_per_MWh";41.0426639829793;"H2E"
"2045";"UNITED_KINGDOM";"UK";"AVERAGE";"Money_per_MWh";41.1782812515401;"H2E"
"2045";"ESTONIA";"EE";"AVERAGE";"Money_per_MWh";41.3007554901251;"H2E"
"2045";"LATVIA";"LV";"AVERAGE";"Money_per_MWh";41.162124605702;"H2E"
"2045";"LITHUANIA";"LT";"AVERAGE";"Money_per_MWh";41.5627216110313;"H2E"
"2045";"POLAND";"PL";"AVERAGE";"Money_per_MWh";41.4705511908268;"H2E"
"2045";"BELGIUM";"BE";"AVERAGE";"Money_per_MWh";42.0951372463534;"H2E"
"2045";"FRANCE";"FR";"AVERAGE";"Money_per_MWh";41.9831221306984;"H2E"
"2045";"ITALY";"IT";"AVERAGE";"Money_per_MWh";41.7527707261949;"H2E"
"2045";"SWITZERLAND";"CH";"AVERAGE";"Money_per_MWh";42.0292389371445;"H2E"
"2045";"AUSTRIA";"AT";"AVERAGE";"Money_per_MWh";42.0446811700838;"H2E"
"2045";"CZECH_REPUBLIC";"CZ";"AVERAGE";"Money_per_MWh";41.8192929583814;"H2E"
"2045";"SPAIN";"ES";"AVERAGE";"Money_per_MWh";40.6706877838973;"H2E"
"2045";"PORTUGAL";"PT";"AVERAGE";"Money_per_MWh";41.2596484153396;"H2E"
"2045";"SLOVAKIA";"SK";"AVERAGE";"Money_per_MWh";41.6396588979192;"H2E"
"2045";"HUNGARY";"HU";"AVERAGE";"Money_per_MWh";41.5390538911313;"H2E"
"2045";"SLOVENIA";"SI";"AVERAGE";"Money_per_MWh";42.0386541552653;"H2E"
"2045";"CROATIA";"HR";"AVERAGE";"Money_per_MWh";42.0272149883812;"H2E"
"2045";"ROMANIA";"RO";"AVERAGE";"Money_per_MWh";41.2364466393498;"H2E"
"2045";"BULGARIA";"BG";"AVERAGE";"Money_per_MWh";41.0891283221418;"H2E"
"2045";"GREECE";"GR";"AVERAGE";"Money_per_MWh";41.7057078036194;"H2E"
"2045";"IRELAND";"IE";"AVERAGE";"Money_per_MWh";40.8060427264378;"H2E"
"2045";"LUXEMBOURG";"LU";"AVERAGE";"Money_per_MWh";42.0579930113181;"H2E"
"2045";"ALBANIA";"AL";"AVERAGE";"Money_per_MWh";42.1151098302013;"H2E"
"2045";"MONTENEGRO";"ME";"AVERAGE";"Money_per_MWh";42.0970048028074;"H2E"
"2045";"NORTH_MACEDONIA";"MK";"AVERAGE";"Money_per_MWh";41.7518903360258;"H2E"
"2045";"BOSNIA_AND_HERZEGOVINA";"BA";"AVERAGE";"Money_per_MWh";42.0536847145114;"H2E"
"2045";"SERBIA";"RS";"AVERAGE";"Money_per_MWh";41.9663764592338;"H2E"
"2045";"MALTA";"MT";"AVERAGE";"Money_per_MWh";42.3245152740939;"H2E"
"2045";"CYPRUS";"CY";"AVERAGE";"Money_per_MWh";41.059066116353;"H2E"
"2050";"NORWAY";"NO1";"AVERAGE";"Money_per_MWh";37.6034227351274;"H2E"
"2050";"NORWAY";"NO2";"AVERAGE";"Money_per_MWh";37.208686859281;"H2E"
"2050";"NORWAY";"NO3";"AVERAGE";"Money_per_MWh";37.3786780142762;"H2E"
"2050";"NORWAY";"NO4";"AVERAGE";"Money_per_MWh";37.4532511144868;"H2E"
"2050";"NORWAY";"NO5";"AVERAGE";"Money_per_MWh";37.1946447259781;"H2E"
"2050";"DENMARK";"DK1";"AVERAGE";"Money_per_MWh";37.8033457114407;"H2E"
"2050";"DENMARK";"DK2";"AVERAGE";"Money_per_MWh";37.8516694532618;"H2E"
"2050";"FINLAND";"FIN";"AVERAGE";"Money_per_MWh";37.8416394196168;"H2E"
"2050";"GERMANY";"DE4-E";"AVERAGE";"Money_per_MWh";38.2435535029164;"H2E"
"2050";"GERMANY";"DE4-N";"AVERAGE";"Money_per_MWh";37.9882802991263;"H2E"
"2050";"GERMANY";"DE4-S";"AVERAGE";"Money_per_MWh";38.1685009714171;"H2E"
"2050";"GERMANY";"DE4-W";"AVERAGE";"Money_per_MWh";38.2096028726356;"H2E"
"2050";"NETHERLANDS";"NL";"AVERAGE";"Money_per_MWh";38.2201899640501;"H2E"
"2050";"SWEDEN";"SE1";"AVERAGE";"Money_per_MWh";37.4923694002334;"H2E"
"2050";"SWEDEN";"SE2";"AVERAGE";"Money_per_MWh";37.6535193511373;"H2E"
"2050";"SWEDEN";"SE3";"AVERAGE";"Money_per_MWh";37.9283911014227;"H2E"
"2050";"SWEDEN";"SE4";"AVERAGE";"Money_per_MWh";37.9444965061035;"H2E"
"2050";"UNITED_KINGDOM";"UK";"AVERAGE";"Money_per_MWh";37.612864725965;"H2E"
"2050";"ESTONIA";"EE";"AVERAGE";"Money_per_MWh";37.7178539531131;"H2E"
"2050";"LATVIA";"LV";"AVERAGE";"Money_per_MWh";37.6057877860787;"H2E"
"2050";"LITHUANIA";"LT";"AVERAGE";"Money_per_MWh";37.9098034219288;"H2E"
"2050";"POLAND";"PL";"AVERAGE";"Money_per_MWh";38.150853714322;"H2E"
"2050";"BELGIUM";"BE";"AVERAGE";"Money_per_MWh";37.9159910185195;"H2E"
"2050";"FRANCE";"FR";"AVERAGE";"Money_per_MWh";37.1089617944319;"H2E"
"2050";"ITALY";"IT";"AVERAGE";"Money_per_MWh";37.5589308451754;"H2E"
"2050";"SWITZERLAND";"CH";"AVERAGE";"Money_per_MWh";37.9817344574664;"H2E"
"2050";"AUSTRIA";"AT";"AVERAGE";"Money_per_MWh";38.0311601805743;"H2E"
"2050";"CZECH_REPUBLIC";"CZ";"AVERAGE";"Money_per_MWh";38.0352928148959;"H2E"
"2050";"SPAIN";"ES";"AVERAGE";"Money_per_MWh";35.3398163947415;"H2E"
"2050";"PORTUGAL";"PT";"AVERAGE";"Money_per_MWh";35.5839313085196;"H2E"
"2050";"SLOVAKIA";"SK";"AVERAGE";"Money_per_MWh";37.7759454403036;"H2E"
"2050";"HUNGARY";"HU";"AVERAGE";"Money_per_MWh";37.6431209982975;"H2E"
"2050";"SLOVENIA";"SI";"AVERAGE";"Money_per_MWh";37.9587589004095;"H2E"
"2050";"CROATIA";"HR";"AVERAGE";"Money_per_MWh";37.9040438814115;"H2E"
"2050";"ROMANIA";"RO";"AVERAGE";"Money_per_MWh";37.3514870740827;"H2E"
"2050";"BULGARIA";"BG";"AVERAGE";"Money_per_MWh";37.1578452704306;"H2E"
"2050";"GREECE";"GR";"AVERAGE";"Money_per_MWh";37.1791842406602;"H2E"
"2050";"IRELAND";"IE";"AVERAGE";"Money_per_MWh";37.2764669714529;"H2E"
"2050";"LUXEMBOURG";"LU";"AVERAGE";"Money_per_MWh";38.0505067602524;"H2E"
"2050";"ALBANIA";"AL";"AVERAGE";"Money_per_MWh";37.5997749857998;"H2E"
"2050";"MONTENEGRO";"ME";"AVERAGE";"Money_per_MWh";38.3177387851992;"H2E"
"2050";"NORTH_MACEDONIA";"MK";"AVERAGE";"Money_per_MWh";37.5324608208318;"H2E"
"2050";"BOSNIA_AND_HERZEGOVINA";"BA";"AVERAGE";"Money_per_MWh";38.0685269530842;"H2E"
"2050";"SERBIA";"RS";"AVERAGE";"Money_per_MWh";38.0040349485049;"H2E"
"2050";"MALTA";"MT";"AVERAGE";"Money_per_MWh";38.5575030687355;"H2E"
"2050";"CYPRUS";"CY";"AVERAGE";"Money_per_MWh";35.9027943159562;"H2E"
"2020";"NORWAY";"NO1";"AVERAGE";"Money_per_MWh";0;"SSGH2E"
"2020";"NORWAY";"NO2";"AVERAGE";"Money_per_MWh";0;"SSGH2E"
"2020";"NORWAY";"NO3";"AVERAGE";"Money_per_MWh";0;"SSGH2E"
"2020";"NORWAY";"NO4";"AVERAGE";"Money_per_MWh";0;"SSGH2E"
"2020";"NORWAY";"NO5";"AVERAGE";"Money_per_MWh";0;"SSGH2E"
"2020";"DENMARK";"DK1";"AVERAGE";"Money_per_MWh";0;"SSGH2E"
"2020";"DENMARK";"DK2";"AVERAGE";"Money_per_MWh";0;"SSGH2E"
"2020";"FINLAND";"FIN";"AVERAGE";"Money_per_MWh";0;"SSGH2E"
"2020";"GERMANY";"DE4-E";"AVERAGE";"Money_per_MWh";0;"SSGH2E"
"2020";"GERMANY";"DE4-N";"AVERAGE";"Money_per_MWh";0;"SSGH2E"
"2020";"GERMANY";"DE4-S";"AVERAGE";"Money_per_MWh";0;"SSGH2E"
"2020";"GERMANY";"DE4-W";"AVERAGE";"Money_per_MWh";0;"SSGH2E"
"2020";"NETHERLANDS";"NL";"AVERAGE";"Money_per_MWh";0;"SSGH2E"
"2020";"SWEDEN";"SE1";"AVERAGE";"Money_per_MWh";0;"SSGH2E"
"2020";"SWEDEN";"SE2";"AVERAGE";"Money_per_MWh";0;"SSGH2E"
"2020";"SWEDEN";"SE3";"AVERAGE";"Money_per_MWh";0;"SSGH2E"
"2020";"SWEDEN";"SE4";"AVERAGE";"Money_per_MWh";0;"SSGH2E"
"2020";"UNITED_KINGDOM";"UK";"AVERAGE";"Money_per_MWh";0;"SSGH2E"
"2020";"ESTONIA";"EE";"AVERAGE";"Money_per_MWh";0;"SSGH2E"
"2020";"LATVIA";"LV";"AVERAGE";"Money_per_MWh";0;"SSGH2E"
"2020";"LITHUANIA";"LT";"AVERAGE";"Money_per_MWh";0;"SSGH2E"
"2020";"POLAND";"PL";"AVERAGE";"Money_per_MWh";0;"SSGH2E"
"2020";"BELGIUM";"BE";"AVERAGE";"Money_per_MWh";0;"SSGH2E"
"2020";"FRANCE";"FR";"AVERAGE";"Money_per_MWh";0;"SSGH2E"
"2020";"ITALY";"IT";"AVERAGE";"Money_per_MWh";0;"SSGH2E"
"2020";"SWITZERLAND";"CH";"AVERAGE";"Money_per_MWh";0;"SSGH2E"
"2020";"AUSTRIA";"AT";"AVERAGE";"Money_per_MWh";0;"SSGH2E"
"2020";"CZECH_REPUBLIC";"CZ";"AVERAGE";"Money_per_MWh";0;"SSGH2E"
"2020";"SPAIN";"ES";"AVERAGE";"Money_per_MWh";0;"SSGH2E"
"2020";"PORTUGAL";"PT";"AVERAGE";"Money_per_MWh";0;"SSGH2E"
"2020";"SLOVAKIA";"SK";"AVERAGE";"Money_per_MWh";0;"SSGH2E"
"2020";"HUNGARY";"HU";"AVERAGE";"Money_per_MWh";0;"SSGH2E"
"2020";"SLOVENIA";"SI";"AVERAGE";"Money_per_MWh";0;"SSGH2E"
"2020";"CROATIA";"HR";"AVERAGE";"Money_per_MWh";0;"SSGH2E"
"2020";"ROMANIA";"RO";"AVERAGE";"Money_per_MWh";0;"SSGH2E"
"2020";"BULGARIA";"BG";"AVERAGE";"Money_per_MWh";0;"SSGH2E"
"2020";"GREECE";"GR";"AVERAGE";"Money_per_MWh";0;"SSGH2E"
"2020";"IRELAND";"IE";"AVERAGE";"Money_per_MWh";0;"SSGH2E"
"2020";"LUXEMBOURG";"LU";"AVERAGE";"Money_per_MWh";0;"SSGH2E"
"2020";"ALBANIA";"AL";"AVERAGE";"Money_per_MWh";0;"SSGH2E"
"2020";"MONTENEGRO";"ME";"AVERAGE";"Money_per_MWh";0;"SSGH2E"
"2020";"NORTH_MACEDONIA";"MK";"AVERAGE";"Money_per_MWh";0;"SSGH2E"
"2020";"BOSNIA_AND_HERZEGOVINA";"BA";"AVERAGE";"Money_per_MWh";0;"SSGH2E"
"2020";"SERBIA";"RS";"AVERAGE";"Money_per_MWh";0;"SSGH2E"
"2020";"MALTA";"MT";"AVERAGE";"Money_per_MWh";0;"SSGH2E"
"2020";"CYPRUS";"CY";"AVERAGE";"Money_per_MWh";0;"SSGH2E"
"2025";"NORWAY";"NO1";"AVERAGE";"Money_per_MWh";44.4632815819357;"SSGH2E"
"2025";"NORWAY";"NO2";"AVERAGE";"Money_per_MWh";45.8022001256511;"SSGH2E"
"2025";"NORWAY";"NO3";"AVERAGE";"Money_per_MWh";45.9924403500599;"SSGH2E"
"2025";"NORWAY";"NO4";"AVERAGE";"Money_per_MWh";43.514618017006;"SSGH2E"
"2025";"NORWAY";"NO5";"AVERAGE";"Money_per_MWh";44.8236814872415;"SSGH2E"
"2025";"DENMARK";"DK1";"AVERAGE";"Money_per_MWh";64.7654116075231;"SSGH2E"
"2025";"DENMARK";"DK2";"AVERAGE";"Money_per_MWh";64.7408516053124;"SSGH2E"
"2025";"FINLAND";"FIN";"AVERAGE";"Money_per_MWh";51.8740283636765;"SSGH2E"
"2025";"GERMANY";"DE4-E";"AVERAGE";"Money_per_MWh";50.3730682655809;"SSGH2E"
"2025";"GERMANY";"DE4-N";"AVERAGE";"Money_per_MWh";84.1437942188499;"SSGH2E"
"2025";"GERMANY";"DE4-S";"AVERAGE";"Money_per_MWh";55.2349767246299;"SSGH2E"
"2025";"GERMANY";"DE4-W";"AVERAGE";"Money_per_MWh";55.23497672463;"SSGH2E"
"2025";"NETHERLANDS";"NL";"AVERAGE";"Money_per_MWh";94.4799444963084;"SSGH2E"
"2025";"SWEDEN";"SE1";"AVERAGE";"Money_per_MWh";37.7757053901925;"SSGH2E"
"2025";"SWEDEN";"SE2";"AVERAGE";"Money_per_MWh";38.5942803094226;"SSGH2E"
"2025";"SWEDEN";"SE3";"AVERAGE";"Money_per_MWh";41.2138963917956;"SSGH2E"
"2025";"SWEDEN";"SE4";"AVERAGE";"Money_per_MWh";41.9647220756938;"SSGH2E"
"2025";"UNITED_KINGDOM";"UK";"AVERAGE";"Money_per_MWh";55.2133687940483;"SSGH2E"
"2025";"ESTONIA";"EE";"AVERAGE";"Money_per_MWh";55.2349767246304;"SSGH2E"
"2025";"LATVIA";"LV";"AVERAGE";"Money_per_MWh";55.2349767246299;"SSGH2E"
"2025";"LITHUANIA";"LT";"AVERAGE";"Money_per_MWh";55.3159372353916;"SSGH2E"
"2025";"POLAND";"PL";"AVERAGE";"Money_per_MWh";49.9695849687655;"SSGH2E"
"2025";"BELGIUM";"BE";"AVERAGE";"Money_per_MWh";94.7555162967862;"SSGH2E"
"2025";"FRANCE";"FR";"AVERAGE";"Money_per_MWh";43.6901975379859;"SSGH2E"
"2025";"ITALY";"IT";"AVERAGE";"Money_per_MWh";49.7289254113346;"SSGH2E"
"2025";"SWITZERLAND";"CH";"AVERAGE";"Money_per_MWh";55.2349767246303;"SSGH2E"
"2025";"AUSTRIA";"AT";"AVERAGE";"Money_per_MWh";50.0512733529336;"SSGH2E"
"2025";"CZECH_REPUBLIC";"CZ";"AVERAGE";"Money_per_MWh";55.2349767246302;"SSGH2E"
"2025";"SPAIN";"ES";"AVERAGE";"Money_per_MWh";45.3794787573576;"SSGH2E"
"2025";"PORTUGAL";"PT";"AVERAGE";"Money_per_MWh";45.773776039653;"SSGH2E"
"2025";"SLOVAKIA";"SK";"AVERAGE";"Money_per_MWh";87.4302715697792;"SSGH2E"
"2025";"HUNGARY";"HU";"AVERAGE";"Money_per_MWh";91.1492836820931;"SSGH2E"
"2025";"SLOVENIA";"SI";"AVERAGE";"Money_per_MWh";89.5964218129089;"SSGH2E"
"2025";"CROATIA";"HR";"AVERAGE";"Money_per_MWh";90.0982000175975;"SSGH2E"
"2025";"ROMANIA";"RO";"AVERAGE";"Money_per_MWh";87.1380979579105;"SSGH2E"
"2025";"BULGARIA";"BG";"AVERAGE";"Money_per_MWh";85.7511482494704;"SSGH2E"
"2025";"GREECE";"GR";"AVERAGE";"Money_per_MWh";92.5732009949364;"SSGH2E"
"2025";"IRELAND";"IE";"AVERAGE";"Money_per_MWh";68.4639529560251;"SSGH2E"
"2025";"LUXEMBOURG";"LU";"AVERAGE";"Money_per_MWh";85.2655435976913;"SSGH2E"
"2025";"ALBANIA";"AL";"AVERAGE";"Money_per_MWh";91.2011374038541;"SSGH2E"
"2025";"MONTENEGRO";"ME";"AVERAGE";"Money_per_MWh";92.5066908509966;"SSGH2E"
"2025";"NORTH_MACEDONIA";"MK";"AVERAGE";"Money_per_MWh";91.3466651774879;"SSGH2E"
"2025";"BOSNIA_AND_HERZEGOVINA";"BA";"AVERAGE";"Money_per_MWh";94.0194261798388;"SSGH2E"
"2025";"SERBIA";"RS";"AVERAGE";"Money_per_MWh";94.9182252612667;"SSGH2E"
"2025";"MALTA";"MT";"AVERAGE";"Money_per_MWh";37.913505114083;"SSGH2E"
"2025";"CYPRUS";"CY";"AVERAGE";"Money_per_MWh";34.9426284648837;"SSGH2E"
"2030";"NORWAY";"NO1";"AVERAGE";"Money_per_MWh";46.5844247282205;"SSGH2E"
"2030";"NORWAY";"NO2";"AVERAGE";"Money_per_MWh";47.5166047654039;"SSGH2E"
"2030";"NORWAY";"NO3";"AVERAGE";"Money_per_MWh";45.8356717817077;"SSGH2E"
"2030";"NORWAY";"NO4";"AVERAGE";"Money_per_MWh";42.6198321203706;"SSGH2E"
"2030";"NORWAY";"NO5";"AVERAGE";"Money_per_MWh";46.8528705061759;"SSGH2E"
"2030";"DENMARK";"DK1";"AVERAGE";"Money_per_MWh";48.1639391258899;"SSGH2E"
"2030";"DENMARK";"DK2";"AVERAGE";"Money_per_MWh";48.0619011846566;"SSGH2E"
"2030";"FINLAND";"FIN";"AVERAGE";"Money_per_MWh";44.8331109099564;"SSGH2E"
"2030";"GERMANY";"DE4-E";"AVERAGE";"Money_per_MWh";49.1636846755638;"SSGH2E"
"2030";"GERMANY";"DE4-N";"AVERAGE";"Money_per_MWh";48.6836017198914;"SSGH2E"
"2030";"GERMANY";"DE4-S";"AVERAGE";"Money_per_MWh";49.6669260419419;"SSGH2E"
"2030";"GERMANY";"DE4-W";"AVERAGE";"Money_per_MWh";49.228546274232;"SSGH2E"
"2030";"NETHERLANDS";"NL";"AVERAGE";"Money_per_MWh";49.0575005122072;"SSGH2E"
"2030";"SWEDEN";"SE1";"AVERAGE";"Money_per_MWh";43.3323059515415;"SSGH2E"
"2030";"SWEDEN";"SE2";"AVERAGE";"Money_per_MWh";44.5245677517373;"SSGH2E"
"2030";"SWEDEN";"SE3";"AVERAGE";"Money_per_MWh";46.1232838610667;"SSGH2E"
"2030";"SWEDEN";"SE4";"AVERAGE";"Money_per_MWh";47.30582478187;"SSGH2E"
"2030";"UNITED_KINGDOM";"UK";"AVERAGE";"Money_per_MWh";47.9493540225772;"SSGH2E"
"2030";"ESTONIA";"EE";"AVERAGE";"Money_per_MWh";47.5779112644465;"SSGH2E"
"2030";"LATVIA";"LV";"AVERAGE";"Money_per_MWh";48.3022865720668;"SSGH2E"
"2030";"LITHUANIA";"LT";"AVERAGE";"Money_per_MWh";49.0410535104814;"SSGH2E"
"2030";"POLAND";"PL";"AVERAGE";"Money_per_MWh";49.8407351534162;"SSGH2E"
"2030";"BELGIUM";"BE";"AVERAGE";"Money_per_MWh";49.2145705127971;"SSGH2E"
"2030";"FRANCE";"FR";"AVERAGE";"Money_per_MWh";48.4449878692374;"SSGH2E"
"2030";"ITALY";"IT";"AVERAGE";"Money_per_MWh";50.9818860589387;"SSGH2E"
"2030";"SWITZERLAND";"CH";"AVERAGE";"Money_per_MWh";49.832054079113;"SSGH2E"
"2030";"AUSTRIA";"AT";"AVERAGE";"Money_per_MWh";50.3263817071582;"SSGH2E"
"2030";"CZECH_REPUBLIC";"CZ";"AVERAGE";"Money_per_MWh";50.5295680490935;"SSGH2E"
"2030";"SPAIN";"ES";"AVERAGE";"Money_per_MWh";50.0328551830839;"SSGH2E"
"2030";"PORTUGAL";"PT";"AVERAGE";"Money_per_MWh";49.1929242861348;"SSGH2E"
"2030";"SLOVAKIA";"SK";"AVERAGE";"Money_per_MWh";51.1437752016301;"SSGH2E"
"2030";"HUNGARY";"HU";"AVERAGE";"Money_per_MWh";51.4738741926352;"SSGH2E"
"2030";"SLOVENIA";"SI";"AVERAGE";"Money_per_MWh";51.0753997679123;"SSGH2E"
"2030";"CROATIA";"HR";"AVERAGE";"Money_per_MWh";51.4173884590235;"SSGH2E"
"2030";"ROMANIA";"RO";"AVERAGE";"Money_per_MWh";52.1535750704197;"SSGH2E"
"2030";"BULGARIA";"BG";"AVERAGE";"Money_per_MWh";52.8685403496234;"SSGH2E"
"2030";"GREECE";"GR";"AVERAGE";"Money_per_MWh";55.6429018378511;"SSGH2E"
"2030";"IRELAND";"IE";"AVERAGE";"Money_per_MWh";47.3038499142171;"SSGH2E"
"2030";"LUXEMBOURG";"LU";"AVERAGE";"Money_per_MWh";49.5330531035312;"SSGH2E"
"2030";"ALBANIA";"AL";"AVERAGE";"Money_per_MWh";54.0390227824198;"SSGH2E"
"2030";"MONTENEGRO";"ME";"AVERAGE";"Money_per_MWh";64.2415220933549;"SSGH2E"
"2030";"NORTH_MACEDONIA";"MK";"AVERAGE";"Money_per_MWh";53.8692944372609;"SSGH2E"
"2030";"BOSNIA_AND_HERZEGOVINA";"BA";"AVERAGE";"Money_per_MWh";52.2459941697798;"SSGH2E"
"2030";"SERBIA";"RS";"AVERAGE";"Money_per_MWh";52.6642343833209;"SSGH2E"
"2030";"MALTA";"MT";"AVERAGE";"Money_per_MWh";59.9865372202935;"SSGH2E"
"2030";"CYPRUS";"CY";"AVERAGE";"Money_per_MWh";62.1068041263284;"SSGH2E"
"2035";"NORWAY";"NO1";"AVERAGE";"Money_per_MWh";54.0910775171851;"SSGH2E"
"2035";"NORWAY";"NO2";"AVERAGE";"Money_per_MWh";54.8607841305509;"SSGH2E"
"2035";"NORWAY";"NO3";"AVERAGE";"Money_per_MWh";53.5108080446209;"SSGH2E"
"2035";"NORWAY";"NO4";"AVERAGE";"Money_per_MWh";51.837806127954;"SSGH2E"
"2035";"NORWAY";"NO5";"AVERAGE";"Money_per_MWh";54.3046992049603;"SSGH2E"
"2035";"DENMARK";"DK1";"AVERAGE";"Money_per_MWh";55.6918649812131;"SSGH2E"
"2035";"DENMARK";"DK2";"AVERAGE";"Money_per_MWh";55.7558497459895;"SSGH2E"
"2035";"FINLAND";"FIN";"AVERAGE";"Money_per_MWh";53.7156435396096;"SSGH2E"
"2035";"GERMANY";"DE4-E";"AVERAGE";"Money_per_MWh";56.052730690507;"SSGH2E"
"2035";"GERMANY";"DE4-N";"AVERAGE";"Money_per_MWh";55.6038570957757;"SSGH2E"
"2035";"GERMANY";"DE4-S";"AVERAGE";"Money_per_MWh";56.5105162554085;"SSGH2E"
"2035";"GERMANY";"DE4-W";"AVERAGE";"Money_per_MWh";55.9107174465937;"SSGH2E"
"2035";"NETHERLANDS";"NL";"AVERAGE";"Money_per_MWh";55.5885783347565;"SSGH2E"
"2035";"SWEDEN";"SE1";"AVERAGE";"Money_per_MWh";52.4251061563205;"SSGH2E"
"2035";"SWEDEN";"SE2";"AVERAGE";"Money_per_MWh";52.672390298289;"SSGH2E"
"2035";"SWEDEN";"SE3";"AVERAGE";"Money_per_MWh";54.1683945982108;"SSGH2E"
"2035";"SWEDEN";"SE4";"AVERAGE";"Money_per_MWh";55.1531651803407;"SSGH2E"
"2035";"UNITED_KINGDOM";"UK";"AVERAGE";"Money_per_MWh";54.4656351287693;"SSGH2E"
"2035";"ESTONIA";"EE";"AVERAGE";"Money_per_MWh";53.9655251784593;"SSGH2E"
"2035";"LATVIA";"LV";"AVERAGE";"Money_per_MWh";54.2660934028687;"SSGH2E"
"2035";"LITHUANIA";"LT";"AVERAGE";"Money_per_MWh";53.712597157212;"SSGH2E"
"2035";"POLAND";"PL";"AVERAGE";"Money_per_MWh";55.3343967306413;"SSGH2E"
"2035";"BELGIUM";"BE";"AVERAGE";"Money_per_MWh";55.7320797320734;"SSGH2E"
"2035";"FRANCE";"FR";"AVERAGE";"Money_per_MWh";55.6153623508387;"SSGH2E"
"2035";"ITALY";"IT";"AVERAGE";"Money_per_MWh";58.0804721174208;"SSGH2E"
"2035";"SWITZERLAND";"CH";"AVERAGE";"Money_per_MWh";56.9021862688767;"SSGH2E"
"2035";"AUSTRIA";"AT";"AVERAGE";"Money_per_MWh";56.9889468191127;"SSGH2E"
"2035";"CZECH_REPUBLIC";"CZ";"AVERAGE";"Money_per_MWh";56.4325337692429;"SSGH2E"
"2035";"SPAIN";"ES";"AVERAGE";"Money_per_MWh";53.8356266250778;"SSGH2E"
"2035";"PORTUGAL";"PT";"AVERAGE";"Money_per_MWh";53.2785317053343;"SSGH2E"
"2035";"SLOVAKIA";"SK";"AVERAGE";"Money_per_MWh";56.6407998689563;"SSGH2E"
"2035";"HUNGARY";"HU";"AVERAGE";"Money_per_MWh";56.9007356613928;"SSGH2E"
"2035";"SLOVENIA";"SI";"AVERAGE";"Money_per_MWh";57.487281192223;"SSGH2E"
"2035";"CROATIA";"HR";"AVERAGE";"Money_per_MWh";57.5712544042778;"SSGH2E"
"2035";"ROMANIA";"RO";"AVERAGE";"Money_per_MWh";57.1207767085434;"SSGH2E"
"2035";"BULGARIA";"BG";"AVERAGE";"Money_per_MWh";57.0078770426102;"SSGH2E"
"2035";"GREECE";"GR";"AVERAGE";"Money_per_MWh";58.7211645735318;"SSGH2E"
"2035";"IRELAND";"IE";"AVERAGE";"Money_per_MWh";53.8998720408374;"SSGH2E"
"2035";"LUXEMBOURG";"LU";"AVERAGE";"Money_per_MWh";56.0543277540921;"SSGH2E"
"2035";"ALBANIA";"AL";"AVERAGE";"Money_per_MWh";58.589477566265;"SSGH2E"
"2035";"MONTENEGRO";"ME";"AVERAGE";"Money_per_MWh";64.0038290788328;"SSGH2E"
"2035";"NORTH_MACEDONIA";"MK";"AVERAGE";"Money_per_MWh";58.0487387294198;"SSGH2E"
"2035";"BOSNIA_AND_HERZEGOVINA";"BA";"AVERAGE";"Money_per_MWh";58.2756539737726;"SSGH2E"
"2035";"SERBIA";"RS";"AVERAGE";"Money_per_MWh";57.93215876505;"SSGH2E"
"2035";"MALTA";"MT";"AVERAGE";"Money_per_MWh";57.3237372686359;"SSGH2E"
"2035";"CYPRUS";"CY";"AVERAGE";"Money_per_MWh";60.5590688021324;"SSGH2E"
"2040";"NORWAY";"NO1";"AVERAGE";"Money_per_MWh";46.2996894145034;"SSGH2E"
"2040";"NORWAY";"NO2";"AVERAGE";"Money_per_MWh";46.7179206065801;"SSGH2E"
"2040";"NORWAY";"NO3";"AVERAGE";"Money_per_MWh";46.5198550966902;"SSGH2E"
"2040";"NORWAY";"NO4";"AVERAGE";"Money_per_MWh";46.5584165361219;"SSGH2E"
"2040";"NORWAY";"NO5";"AVERAGE";"Money_per_MWh";46.5265080893369;"SSGH2E"
"2040";"DENMARK";"DK1";"AVERAGE";"Money_per_MWh";46.918480147247;"SSGH2E"
"2040";"DENMARK";"DK2";"AVERAGE";"Money_per_MWh";47.1027565407027;"SSGH2E"
"2040";"FINLAND";"FIN";"AVERAGE";"Money_per_MWh";47.9257389155804;"SSGH2E"
"2040";"GERMANY";"DE4-E";"AVERAGE";"Money_per_MWh";47.3678467279404;"SSGH2E"
"2040";"GERMANY";"DE4-N";"AVERAGE";"Money_per_MWh";47.2422860433121;"SSGH2E"
"2040";"GERMANY";"DE4-S";"AVERAGE";"Money_per_MWh";47.5611961031169;"SSGH2E"
"2040";"GERMANY";"DE4-W";"AVERAGE";"Money_per_MWh";47.6618330857925;"SSGH2E"
"2040";"NETHERLANDS";"NL";"AVERAGE";"Money_per_MWh";47.3599138860359;"SSGH2E"
"2040";"SWEDEN";"SE1";"AVERAGE";"Money_per_MWh";46.9737816330673;"SSGH2E"
"2040";"SWEDEN";"SE2";"AVERAGE";"Money_per_MWh";46.2719090944978;"SSGH2E"
"2040";"SWEDEN";"SE3";"AVERAGE";"Money_per_MWh";46.9048144539986;"SSGH2E"
"2040";"SWEDEN";"SE4";"AVERAGE";"Money_per_MWh";47.0866116167823;"SSGH2E"
"2040";"UNITED_KINGDOM";"UK";"AVERAGE";"Money_per_MWh";46.4304434101962;"SSGH2E"
"2040";"ESTONIA";"EE";"AVERAGE";"Money_per_MWh";46.5664455060104;"SSGH2E"
"2040";"LATVIA";"LV";"AVERAGE";"Money_per_MWh";46.3534423728832;"SSGH2E"
"2040";"LITHUANIA";"LT";"AVERAGE";"Money_per_MWh";46.2094899372766;"SSGH2E"
"2040";"POLAND";"PL";"AVERAGE";"Money_per_MWh";47.0561500600079;"SSGH2E"
"2040";"BELGIUM";"BE";"AVERAGE";"Money_per_MWh";47.2344933740939;"SSGH2E"
"2040";"FRANCE";"FR";"AVERAGE";"Money_per_MWh";46.3689152930302;"SSGH2E"
"2040";"ITALY";"IT";"AVERAGE";"Money_per_MWh";47.7301781044435;"SSGH2E"
"2040";"SWITZERLAND";"CH";"AVERAGE";"Money_per_MWh";47.3337736553771;"SSGH2E"
"2040";"AUSTRIA";"AT";"AVERAGE";"Money_per_MWh";47.7410841650362;"SSGH2E"
"2040";"CZECH_REPUBLIC";"CZ";"AVERAGE";"Money_per_MWh";47.5252978474774;"SSGH2E"
"2040";"SPAIN";"ES";"AVERAGE";"Money_per_MWh";44.4142078338889;"SSGH2E"
"2040";"PORTUGAL";"PT";"AVERAGE";"Money_per_MWh";43.7445719641804;"SSGH2E"
"2040";"SLOVAKIA";"SK";"AVERAGE";"Money_per_MWh";47.5084499812127;"SSGH2E"
"2040";"HUNGARY";"HU";"AVERAGE";"Money_per_MWh";47.6271229992158;"SSGH2E"
"2040";"SLOVENIA";"SI";"AVERAGE";"Money_per_MWh";47.9921309942015;"SSGH2E"
"2040";"CROATIA";"HR";"AVERAGE";"Money_per_MWh";48.0145457525252;"SSGH2E"
"2040";"ROMANIA";"RO";"AVERAGE";"Money_per_MWh";47.4308712058326;"SSGH2E"
"2040";"BULGARIA";"BG";"AVERAGE";"Money_per_MWh";47.244383058623;"SSGH2E"
"2040";"GREECE";"GR";"AVERAGE";"Money_per_MWh";47.9156645737586;"SSGH2E"
"2040";"IRELAND";"IE";"AVERAGE";"Money_per_MWh";45.9666362133151;"SSGH2E"
"2040";"LUXEMBOURG";"LU";"AVERAGE";"Money_per_MWh";47.4669672776298;"SSGH2E"
"2040";"ALBANIA";"AL";"AVERAGE";"Money_per_MWh";48.3073070701885;"SSGH2E"
"2040";"MONTENEGRO";"ME";"AVERAGE";"Money_per_MWh";50.9080058546575;"SSGH2E"
"2040";"NORTH_MACEDONIA";"MK";"AVERAGE";"Money_per_MWh";47.7323110477894;"SSGH2E"
"2040";"BOSNIA_AND_HERZEGOVINA";"BA";"AVERAGE";"Money_per_MWh";48.4442929059568;"SSGH2E"
"2040";"SERBIA";"RS";"AVERAGE";"Money_per_MWh";48.1673229514362;"SSGH2E"
"2040";"MALTA";"MT";"AVERAGE";"Money_per_MWh";48.145109542615;"SSGH2E"
"2040";"CYPRUS";"CY";"AVERAGE";"Money_per_MWh";46.9113720847853;"SSGH2E"
"2045";"NORWAY";"NO1";"AVERAGE";"Money_per_MWh";46.9895678445554;"SSGH2E"
"2045";"NORWAY";"NO2";"AVERAGE";"Money_per_MWh";47.0182941247716;"SSGH2E"
"2045";"NORWAY";"NO3";"AVERAGE";"Money_per_MWh";47.306214385206;"SSGH2E"
"2045";"NORWAY";"NO4";"AVERAGE";"Money_per_MWh";47.472021525168;"SSGH2E"
"2045";"NORWAY";"NO5";"AVERAGE";"Money_per_MWh";46.7678114732819;"SSGH2E"
"2045";"DENMARK";"DK1";"AVERAGE";"Money_per_MWh";47.0778180723672;"SSGH2E"
"2045";"DENMARK";"DK2";"AVERAGE";"Money_per_MWh";47.3166457982703;"SSGH2E"
"2045";"FINLAND";"FIN";"AVERAGE";"Money_per_MWh";48.0223221524888;"SSGH2E"
"2045";"GERMANY";"DE4-E";"AVERAGE";"Money_per_MWh";47.4322603027077;"SSGH2E"
"2045";"GERMANY";"DE4-N";"AVERAGE";"Money_per_MWh";47.3672816439881;"SSGH2E"
"2045";"GERMANY";"DE4-S";"AVERAGE";"Money_per_MWh";47.6405214258078;"SSGH2E"
"2045";"GERMANY";"DE4-W";"AVERAGE";"Money_per_MWh";47.6903879667263;"SSGH2E"
"2045";"NETHERLANDS";"NL";"AVERAGE";"Money_per_MWh";47.6008264987867;"SSGH2E"
"2045";"SWEDEN";"SE1";"AVERAGE";"Money_per_MWh";47.6271163531167;"SSGH2E"
"2045";"SWEDEN";"SE2";"AVERAGE";"Money_per_MWh";47.3936617005342;"SSGH2E"
"2045";"SWEDEN";"SE3";"AVERAGE";"Money_per_MWh";47.3481126625482;"SSGH2E"
"2045";"SWEDEN";"SE4";"AVERAGE";"Money_per_MWh";47.3955522663815;"SSGH2E"
"2045";"UNITED_KINGDOM";"UK";"AVERAGE";"Money_per_MWh";46.6681547761489;"SSGH2E"
"2045";"ESTONIA";"EE";"AVERAGE";"Money_per_MWh";46.5090060804018;"SSGH2E"
"2045";"LATVIA";"LV";"AVERAGE";"Money_per_MWh";46.129986199149;"SSGH2E"
"2045";"LITHUANIA";"LT";"AVERAGE";"Money_per_MWh";46.1195677993338;"SSGH2E"
"2045";"POLAND";"PL";"AVERAGE";"Money_per_MWh";47.010203436259;"SSGH2E"
"2045";"BELGIUM";"BE";"AVERAGE";"Money_per_MWh";47.3188638422665;"SSGH2E"
"2045";"FRANCE";"FR";"AVERAGE";"Money_per_MWh";46.434292594272;"SSGH2E"
"2045";"ITALY";"IT";"AVERAGE";"Money_per_MWh";47.2126057952937;"SSGH2E"
"2045";"SWITZERLAND";"CH";"AVERAGE";"Money_per_MWh";47.3320186093618;"SSGH2E"
"2045";"AUSTRIA";"AT";"AVERAGE";"Money_per_MWh";47.6341410328205;"SSGH2E"
"2045";"CZECH_REPUBLIC";"CZ";"AVERAGE";"Money_per_MWh";47.4047256511868;"SSGH2E"
"2045";"SPAIN";"ES";"AVERAGE";"Money_per_MWh";44.4903149094661;"SSGH2E"
"2045";"PORTUGAL";"PT";"AVERAGE";"Money_per_MWh";44.3470075656583;"SSGH2E"
"2045";"SLOVAKIA";"SK";"AVERAGE";"Money_per_MWh";47.2171797638526;"SSGH2E"
"2045";"HUNGARY";"HU";"AVERAGE";"Money_per_MWh";47.194616761374;"SSGH2E"
"2045";"SLOVENIA";"SI";"AVERAGE";"Money_per_MWh";47.5300585410829;"SSGH2E"
"2045";"CROATIA";"HR";"AVERAGE";"Money_per_MWh";47.5127908835419;"SSGH2E"
"2045";"ROMANIA";"RO";"AVERAGE";"Money_per_MWh";46.896976657937;"SSGH2E"
"2045";"BULGARIA";"BG";"AVERAGE";"Money_per_MWh";46.7378311726337;"SSGH2E"
"2045";"GREECE";"GR";"AVERAGE";"Money_per_MWh";47.2619100136423;"SSGH2E"
"2045";"IRELAND";"IE";"AVERAGE";"Money_per_MWh";46.1773259786716;"SSGH2E"
"2045";"LUXEMBOURG";"LU";"AVERAGE";"Money_per_MWh";47.5090556427313;"SSGH2E"
"2045";"ALBANIA";"AL";"AVERAGE";"Money_per_MWh";47.4468028015849;"SSGH2E"
"2045";"MONTENEGRO";"ME";"AVERAGE";"Money_per_MWh";50.0796824459799;"SSGH2E"
"2045";"NORTH_MACEDONIA";"MK";"AVERAGE";"Money_per_MWh";47.3257753151235;"SSGH2E"
"2045";"BOSNIA_AND_HERZEGOVINA";"BA";"AVERAGE";"Money_per_MWh";47.9434127520433;"SSGH2E"
"2045";"SERBIA";"RS";"AVERAGE";"Money_per_MWh";47.6558001471399;"SSGH2E"
"2045";"MALTA";"MT";"AVERAGE";"Money_per_MWh";47.6349117197699;"SSGH2E"
"2045";"CYPRUS";"CY";"AVERAGE";"Money_per_MWh";45.1778868323828;"SSGH2E"
"2050";"NORWAY";"NO1";"AVERAGE";"Money_per_MWh";42.1753038717002;"SSGH2E"
"2050";"NORWAY";"NO2";"AVERAGE";"Money_per_MWh";42.1591277312168;"SSGH2E"
"2050";"NORWAY";"NO3";"AVERAGE";"Money_per_MWh";42.4628568571376;"SSGH2E"
"2050";"NORWAY";"NO4";"AVERAGE";"Money_per_MWh";42.6074984521542;"SSGH2E"
"2050";"NORWAY";"NO5";"AVERAGE";"Money_per_MWh";41.9998756429038;"SSGH2E"
"2050";"DENMARK";"DK1";"AVERAGE";"Money_per_MWh";42.0955801334986;"SSGH2E"
"2050";"DENMARK";"DK2";"AVERAGE";"Money_per_MWh";42.2736339289829;"SSGH2E"
"2050";"FINLAND";"FIN";"AVERAGE";"Money_per_MWh";42.7873870651366;"SSGH2E"
"2050";"GERMANY";"DE4-E";"AVERAGE";"Money_per_MWh";42.4495006987337;"SSGH2E"
"2050";"GERMANY";"DE4-N";"AVERAGE";"Money_per_MWh";42.2746904000021;"SSGH2E"
"2050";"GERMANY";"DE4-S";"AVERAGE";"Money_per_MWh";42.6457487270647;"SSGH2E"
"2050";"GERMANY";"DE4-W";"AVERAGE";"Money_per_MWh";42.6270378352948;"SSGH2E"
"2050";"NETHERLANDS";"NL";"AVERAGE";"Money_per_MWh";42.8409836920718;"SSGH2E"
"2050";"SWEDEN";"SE1";"AVERAGE";"Money_per_MWh";42.348217626718;"SSGH2E"
"2050";"SWEDEN";"SE2";"AVERAGE";"Money_per_MWh";42.3878668392056;"SSGH2E"
"2050";"SWEDEN";"SE3";"AVERAGE";"Money_per_MWh";42.6189789113543;"SSGH2E"
"2050";"SWEDEN";"SE4";"AVERAGE";"Money_per_MWh";42.394718985762;"SSGH2E"
"2050";"UNITED_KINGDOM";"UK";"AVERAGE";"Money_per_MWh";41.9875193321884;"SSGH2E"
"2050";"ESTONIA";"EE";"AVERAGE";"Money_per_MWh";41.3014182705328;"SSGH2E"
"2050";"LATVIA";"LV";"AVERAGE";"Money_per_MWh";41.0510251604073;"SSGH2E"
"2050";"LITHUANIA";"LT";"AVERAGE";"Money_per_MWh";40.9071125466691;"SSGH2E"
"2050";"POLAND";"PL";"AVERAGE";"Money_per_MWh";41.8792982875854;"SSGH2E"
"2050";"BELGIUM";"BE";"AVERAGE";"Money_per_MWh";42.5734247560409;"SSGH2E"
"2050";"FRANCE";"FR";"AVERAGE";"Money_per_MWh";41.7554093855679;"SSGH2E"
"2050";"ITALY";"IT";"AVERAGE";"Money_per_MWh";42.0792881684781;"SSGH2E"
"2050";"SWITZERLAND";"CH";"AVERAGE";"Money_per_MWh";42.4729627436048;"SSGH2E"
"2050";"AUSTRIA";"AT";"AVERAGE";"Money_per_MWh";42.3228976032354;"SSGH2E"
"2050";"CZECH_REPUBLIC";"CZ";"AVERAGE";"Money_per_MWh";42.0782185555494;"SSGH2E"
"2050";"SPAIN";"ES";"AVERAGE";"Money_per_MWh";40.1501355636638;"SSGH2E"
"2050";"PORTUGAL";"PT";"AVERAGE";"Money_per_MWh";39.912149630542;"SSGH2E"
"2050";"SLOVAKIA";"SK";"AVERAGE";"Money_per_MWh";41.7096014617792;"SSGH2E"
"2050";"HUNGARY";"HU";"AVERAGE";"Money_per_MWh";41.5269421107315;"SSGH2E"
"2050";"SLOVENIA";"SI";"AVERAGE";"Money_per_MWh";41.9458024637486;"SSGH2E"
"2050";"CROATIA";"HR";"AVERAGE";"Money_per_MWh";41.7724475852214;"SSGH2E"
"2050";"ROMANIA";"RO";"AVERAGE";"Money_per_MWh";41.1477443418718;"SSGH2E"
"2050";"BULGARIA";"BG";"AVERAGE";"Money_per_MWh";40.9262835931217;"SSGH2E"
"2050";"GREECE";"GR";"AVERAGE";"Money_per_MWh";39.5742965592663;"SSGH2E"
"2050";"IRELAND";"IE";"AVERAGE";"Money_per_MWh";41.5213553198036;"SSGH2E"
"2050";"LUXEMBOURG";"LU";"AVERAGE";"Money_per_MWh";42.5853636561325;"SSGH2E"
"2050";"ALBANIA";"AL";"AVERAGE";"Money_per_MWh";40.4305993078512;"SSGH2E"
"2050";"MONTENEGRO";"ME";"AVERAGE";"Money_per_MWh";43.0214522589832;"SSGH2E"
"2050";"NORTH_MACEDONIA";"MK";"AVERAGE";"Money_per_MWh";40.4934450998867;"SSGH2E"
"2050";"BOSNIA_AND_HERZEGOVINA";"BA";"AVERAGE";"Money_per_MWh";41.5856618485602;"SSGH2E"
"2050";"SERBIA";"RS";"AVERAGE";"Money_per_MWh";41.1277445925837;"SSGH2E"
"2050";"MALTA";"MT";"AVERAGE";"Money_per_MWh";44.4135852205474;"SSGH2E"
"2050";"CYPRUS";"CY";"AVERAGE";"Money_per_MWh";37.0867383260511;"SSGH2E"
